,year,Afghanistan,Albania,Algeria,Andorra,Angola,Antigua and Barbuda,Argentina,Armenia,Australia,Austria,Azerbaijan,Bahamas,Bahrain,Bangladesh,Barbados,Belarus,Belgium,Belize,Benin,Bhutan,Bolivia (Plurinational State of),Bosnia and Herzegovina,Botswana,Brazil,Brunei Darussalam,Bulgaria,Burkina Faso,Burundi,Cabo Verde,Cambodia,Cameroon,Canada,Central African Republic,Chad,Chile,China,Colombia,Comoros,Congo,Costa Rica,Croatia,Cuba,Cyprus,Czechia,Côte d’Ivoire,Democratic People's Republic of Korea,Democratic Republic of the Congo,Denmark,Djibouti,Dominica,Dominican Republic,Ecuador,Egypt,El Salvador,Equatorial Guinea,Eritrea,Estonia,Eswatini,Ethiopia,Fiji,Finland,France,Gabon,Gambia,Georgia,Germany,Ghana,Greece,Grenada,Guatemala,Guinea,Guinea-Bissau,Guyana,Haiti,Honduras,Hungary,Iceland,India,Indonesia,Iran (Islamic Republic of),Iraq,Ireland,Israel,Italy,Jamaica,Japan,Jordan,Kazakhstan,Kenya,Kiribati,Kuwait,Kyrgyzstan,Lao People's Democratic Republic,Latvia,Lebanon,Lesotho,Liberia,Libya,Lithuania,Luxembourg,Madagascar,Malawi,Malaysia,Maldives,Mali,Malta,Marshall Islands,Mauritania,Mauritius,Mexico,Micronesia (Federated States of),Mongolia,Montenegro,Morocco,Mozambique,Myanmar,Namibia,Nauru,Nepal,Netherlands,New Zealand,Nicaragua,Niger,Nigeria,Norway,Oman,Pakistan,Palau,Panama,Papua New Guinea,Paraguay,Peru,Philippines,Poland,Portugal,Qatar,Republic of Korea,Republic of Moldova,Romania,Russian Federation,Rwanda,Saint Kitts and Nevis,Saint Lucia,Saint Vincent and the Grenadines,Samoa,Sao Tome and Principe,Saudi Arabia,Senegal,Serbia,Seychelles,Sierra Leone,Singapore,Slovakia,Slovenia,Solomon Islands,Somalia,South Africa,Spain,Sri Lanka,Suriname,Sweden,Switzerland,Syrian Arab Republic,Tajikistan,Thailand,The former Yugoslav Republic of Macedonia,Timor-Leste,Togo,Tonga,Trinidad and Tobago,Tunisia,Turkey,Turkmenistan,Tuvalu,Uganda,Ukraine,United Arab Emirates,United Kingdom of Great Britain and Northern Ireland,United Republic of Tanzania,United States of America,Uruguay,Uzbekistan,Vanuatu,Venezuela (Bolivarian Republic of),Viet Nam,Yemen,Yemen Arab Republic (until 1990),Zambia,Zimbabwe,sum_yr
0,1975,6934562.0,1471849.0,8838549.0,30705.0,3780544.0,36738.0,18256892.0,1861958.0,10067770.0,5812781.0,3393868.0,112624.0,161212.0,38569859.0,168611.0,7004200.0,7622465.0,69772.0,1840677.0,197183.0,2949181.0,2693511.0,385590.0,64061491.0,96161.0,6778965.0,3432469.0,2020020.0,139672.0,4205065.0,4211626.0,17086191.0,1138350.0,2303500.0,6775329.0,551291253.0,13611658.0,142493.0,838878.0,1248364.0,3524797.0,5923318.0,469698.0,7851625.0,3542535.0,9808900.0,12752103.0,3917008.0,118964.0,72094.0,2806983.0,3952942.0,22705234.0,2293608.0,157653.0,839826.0,1120307.0,255812.0,17953978.0,345027.0,3674850.0,40976443.0,407440.0,308429.0,3101846.0,,5313116.0,6794089.0,53136.0,3498424.0,2616051.0,454548.0,414238.0,3015656.0,1653674.0,8416926.0,152472.0,373374561.0,75064413.0,18539596.0,6274135.0,2205112.0,2329111.0,42052049.0,1127673.0,84618354.0,1087963.0,9188749.0,6826751.0,,560557.0,1982175.0,1754147.0,1941334.0,1550496.0,629616.0,891096.0,1376406.0,2474052.0,285308.0,4091203.0,2943884.0,7057937.0,73913.0,3704744.0,227259.0,25576.0,719646.0,538234.0,32190234.0,33149.0,809055.0,382146.0,9640661.0,5733428.0,17726750.0,526467.0,7175.0,7930464.0,10193358.0,2159770.0,1481017.0,2670315.0,35850275.0,3053635.0,477901.0,38074638.0,12904.0,995913.0,1768992.0,1560493.0,8666513.0,22923304.0,25886373.0,6599197.0,109934.0,21823817.0,2312319.0,15896136.0,103291809.0,2308036.0,44272.0,58404.0,50299.0,75764.0,43334.0,4138334.0,2728460.0,,34909.0,1774695.0,1520848.0,3508592.0,1367924.0,101720.0,2191823.0,14818919.0,25945047.0,8566718.0,188499.0,6497428.0,4903671.0,3893871.0,1884178.0,24362809.0,1233316.0,373725.0,1308492.0,48038.0,630250.0,3186534.0,23343879.0,1434461.0,6060.0,5697280.0,37699588.0,393955.0,43013381.0,8545067.0,161968725.0,2046975.0,7884369.0,54949.0,7471939.0,,,3515020.0,2548752.0,3199460.0,2445823297.0
1,1976,7037783.0,1516649.0,9091750.0,31777.0,3895100.0,37140.0,18495242.0,1923980.0,10210997.0,5842224.0,3507117.0,115814.0,175384.0,39366728.0,170732.0,7081677.0,7671397.0,70856.0,1876446.0,202936.0,3011735.0,2746383.0,399998.0,66058468.0,100204.0,6808627.0,3478160.0,2064014.0,140064.0,4171270.0,4307594.0,17468371.0,1157778.0,2335165.0,6935359.0,565067638.0,14109047.0,147114.0,860083.0,1298816.0,3549760.0,6041250.0,479039.0,7861579.0,3695339.0,10092372.0,13079613.0,3939082.0,130851.0,72654.0,2906345.0,4077674.0,23256266.0,2352102.0,153298.0,862339.0,1127685.0,262098.0,18253463.0,352663.0,3708368.0,41312494.0,412661.0,317267.0,3146357.0,,5409108.0,6930914.0,53048.0,3578420.0,2638689.0,452983.0,421892.0,3076678.0,1705211.0,8446132.0,155001.0,382692379.0,77243942.0,19121255.0,6458161.0,2235103.0,2374051.0,42402956.0,1167170.0,85155593.0,1100816.0,9360604.0,7066078.0,,604431.0,2040305.0,1766385.0,1952454.0,1567553.0,646446.0,912461.0,1428660.0,2504587.0,288202.0,4195399.0,3018619.0,7290248.0,76158.0,3742545.0,229083.0,26552.0,741036.0,557486.0,33166767.0,33889.0,831826.0,389022.0,9947370.0,5882007.0,18166380.0,533623.0,7286.0,8087519.0,10351976.0,2190197.0,1528221.0,2751795.0,36739570.0,3079243.0,505558.0,39205114.0,12837.0,1027995.0,1812703.0,1614525.0,8928820.0,23682172.0,26213367.0,6806525.0,116181.0,22458963.0,2348261.0,16098944.0,104406515.0,2375547.0,44143.0,59808.0,51476.0,77288.0,44535.0,4360798.0,2775034.0,,35902.0,1801959.0,1565896.0,3544961.0,1388444.0,105205.0,2408634.0,15195051.0,26284792.0,8794355.0,193308.0,6533177.0,4903436.0,4012994.0,1946430.0,25191554.0,1257389.0,370656.0,1331665.0,49407.0,645955.0,3281496.0,23930773.0,1482374.0,6323.0,5853025.0,37989022.0,462857.0,43225154.0,8800060.0,164514346.0,2056461.0,8160806.0,56758.0,7752874.0,,,3581904.0,2629011.0,3292877.0,2498616121.0
2,1977,7130071.0,1565220.0,9368197.0,32771.0,4035106.0,37546.0,18717919.0,1988228.0,10394092.0,5884968.0,3629263.0,119816.0,190696.0,40356052.0,173121.0,7174814.0,7722462.0,72074.0,1916109.0,209122.0,3078982.0,2803451.0,415087.0,68113233.0,104676.0,6844436.0,3527217.0,2116296.0,141499.0,4109140.0,4411959.0,17850761.0,1180947.0,2368111.0,7098334.0,579155288.0,14605627.0,152508.0,882390.0,1350092.0,3577566.0,6200937.0,488644.0,7875978.0,3857073.0,10330876.0,13437823.0,3967069.0,145522.0,73440.0,3008211.0,4208155.0,23813930.0,2410320.0,149783.0,886025.0,1136468.0,269133.0,18497486.0,360237.0,3735391.0,41678334.0,418543.0,326900.0,3191796.0,,5505126.0,7042165.0,53009.0,3658782.0,2663797.0,449685.0,429102.0,3138832.0,1758224.0,8440048.0,157349.0,392584423.0,79503820.0,19729743.0,6641173.0,2267309.0,2423962.0,42797328.0,1204265.0,86127209.0,1119723.0,9539371.0,7324130.0,,653931.0,2101677.0,1774284.0,1967694.0,1574707.0,664890.0,935645.0,1483717.0,2537599.0,289972.0,4307780.0,3102844.0,7545772.0,78520.0,3787492.0,231220.0,27470.0,763798.0,576656.0,34174238.0,34847.0,858899.0,395867.0,10272986.0,6047722.0,18618448.0,541096.0,7399.0,8252374.0,10497082.0,2213407.0,1577516.0,2835917.0,37750467.0,3104114.0,534967.0,40421775.0,12646.0,1061679.0,1858918.0,1666694.0,9208798.0,24458189.0,26491038.0,6907220.0,121870.0,23139563.0,2385936.0,16165144.0,105683660.0,2446811.0,43942.0,61308.0,52738.0,78829.0,45778.0,4600334.0,2823542.0,,37001.0,1833578.0,1616974.0,3582704.0,1406566.0,109053.0,2696223.0,15592060.0,26647626.0,9009128.0,198759.0,6572659.0,4917048.0,4138326.0,2014368.0,26024952.0,1281188.0,366652.0,1356667.0,50725.0,664068.0,3380208.0,24544888.0,1531583.0,6650.0,6020078.0,38325818.0,536083.0,43473013.0,9067168.0,167270992.0,2072713.0,8468044.0,58629.0,8034841.0,29521042.0,,3667487.0,2716449.0,3388332.0,2583691665.0
3,1978,7195669.0,1614101.0,9666431.0,33737.0,4190425.0,37905.0,18934926.0,2051605.0,10595441.0,5922264.0,3756800.0,124312.0,206367.0,41492575.0,175253.0,7278140.0,7774669.0,73526.0,1959451.0,215618.0,3150073.0,2863157.0,430592.0,70226329.0,109337.0,6853308.0,3581258.0,2174713.0,143817.0,4038424.0,4524204.0,18211828.0,1207720.0,2402757.0,7263455.0,594554597.0,15104871.0,158346.0,906000.0,1402300.0,3604601.0,6386740.0,497998.0,7892022.0,4027511.0,10548068.0,13817467.0,3998103.0,161642.0,74284.0,3111875.0,4344297.0,24389363.0,2467530.0,147962.0,911058.0,1145117.0,276811.0,18721102.0,368070.0,3759663.0,42062691.0,425136.0,337176.0,3234855.0,,5608694.0,7150304.0,53056.0,3740979.0,2692188.0,445756.0,436170.0,3202749.0,1813311.0,8409132.0,159871.0,402955368.0,81850621.0,20375932.0,6830141.0,2304809.0,2474211.0,43221502.0,1238865.0,87213472.0,1145026.0,9714396.0,7599432.0,,707656.0,2163609.0,1781483.0,1984300.0,1575606.0,684546.0,961142.0,1542629.0,2570241.0,291644.0,4428181.0,3193533.0,7816556.0,81006.0,3839412.0,235073.0,28406.0,787859.0,592320.0,35215250.0,35966.0,889095.0,402702.0,10615423.0,6224821.0,19086942.0,548911.0,7503.0,8425044.0,10649669.0,2234120.0,1628079.0,2922809.0,38840587.0,3128792.0,566188.0,41725062.0,12403.0,1096709.0,1907632.0,1718622.0,9503269.0,25255615.0,26682776.0,7017795.0,128140.0,23839418.0,2424625.0,16177535.0,106989509.0,2521471.0,43708.0,62876.0,54064.0,80425.0,47105.0,4860721.0,2875336.0,,37581.0,1868798.0,1667674.0,3618737.0,1423748.0,113131.0,3010116.0,16008751.0,27019657.0,9216097.0,204776.0,6611209.0,4951254.0,4270621.0,2086621.0,26874030.0,1304680.0,362866.0,1385062.0,51966.0,683183.0,3484256.0,25184872.0,1581447.0,7014.0,6198298.0,38677044.0,608172.0,43771473.0,9347518.0,170176977.0,2092888.0,8793151.0,60523.0,8321027.0,30358912.0,,3768814.0,2810149.0,3489561.0,2643168001.0
4,1979,7217330.0,1662094.0,9983552.0,34818.0,4345919.0,38177.0,19162546.0,2109913.0,10784122.0,5955921.0,3883288.0,128720.0,221504.0,42729022.0,176628.0,7369859.0,7825280.0,75202.0,2006283.0,222336.0,3224187.0,2922157.0,446340.0,72392062.0,113947.0,6865641.0,3642752.0,2236590.0,146620.0,3978947.0,4643466.0,18558424.0,1237845.0,2439529.0,7429455.0,611289169.0,15613497.0,164236.0,931193.0,1455538.0,3623182.0,6567404.0,506576.0,7905773.0,4207518.0,10787291.0,14207844.0,4028611.0,177562.0,74955.0,3216536.0,4486045.0,24998481.0,2523259.0,148769.0,937681.0,1151681.0,284958.0,18972397.0,376546.0,3782924.0,42438725.0,432496.0,348102.0,3281100.0,,5728836.0,7261023.0,53186.0,3826672.0,2724900.0,442670.0,443060.0,3268829.0,1871621.0,8374112.0,162644.0,413663365.0,84299552.0,21066650.0,7034694.0,2340941.0,2537357.0,43642485.0,1271653.0,88271729.0,1176263.0,9870464.0,7889746.0,,762811.0,2224410.0,1792396.0,1995479.0,1575022.0,704954.0,989495.0,1607188.0,2596453.0,293513.0,4556572.0,3287297.0,8087363.0,83637.0,3898725.0,238487.0,29416.0,813226.0,608095.0,36296646.0,37164.0,920315.0,409475.0,10970329.0,6406162.0,19578400.0,557036.0,7616.0,8606716.0,10813820.0,2245470.0,1678966.0,3012772.0,39957220.0,3153741.0,599285.0,43118042.0,12229.0,1132719.0,1958906.0,1772675.0,9807557.0,26079532.0,26847590.0,7130515.0,136643.0,24532339.0,2459032.0,16185017.0,108133120.0,2599189.0,43455.0,64492.0,55370.0,82047.0,48581.0,5147218.0,2932551.0,,38273.0,1906738.0,1716936.0,3651884.0,1440810.0,117233.0,3298579.0,16441230.0,27391787.0,9424713.0,210864.0,6646796.0,4997810.0,4410538.0,2160545.0,27759450.0,1327875.0,360414.0,1418597.0,53126.0,700929.0,3595017.0,25850105.0,1631375.0,7358.0,6387829.0,38985510.0,674418.0,44120526.0,9643420.0,173117885.0,2112894.0,9115563.0,62367.0,8617162.0,31224198.0,,3881937.0,2908841.0,3601608.0,2705040608.0
5,1980,7188508.0,1710571.0,10318081.0,36067.0,4495190.0,38374.0,19411451.0,2161453.0,10974828.0,6000202.0,4004515.0,132728.0,235464.0,44032967.0,177306.0,7445546.0,7873420.0,77047.0,2056490.0,229207.0,3300882.0,2978703.0,462382.0,74599834.0,118412.0,6898824.0,3712914.0,2299621.0,149561.0,3944761.0,4769187.0,18936972.0,1270957.0,2479079.0,7595377.0,628623099.0,16133871.0,169951.0,958200.0,1509556.0,3631303.0,6725367.0,514112.0,7892292.0,4397564.0,11069802.0,14603432.0,4055634.0,192166.0,75314.0,3321749.0,4633296.0,25647756.0,2577706.0,152487.0,965936.0,1157785.0,293482.0,19285744.0,385813.0,3809455.0,42794373.0,440624.0,359671.0,3327452.0,,5871414.0,7362394.0,53439.0,3916804.0,2762878.0,441424.0,449482.0,3336771.0,1933728.0,8353352.0,165380.0,424627251.0,86854734.0,21798464.0,7258366.0,2372023.0,2597373.0,44032482.0,1303716.0,89239650.0,1213275.0,10004932.0,8194193.0,,817245.0,2280973.0,1810190.0,2001165.0,1576407.0,725785.0,1020748.0,1678556.0,2617233.0,295847.0,4692781.0,3382596.0,8349107.0,86409.0,3965759.0,241353.0,30576.0,839865.0,621915.0,37426311.0,38407.0,951433.0,416224.0,11333535.0,6586291.0,20095230.0,565689.0,7741.0,8798181.0,10990637.0,2266146.0,1729820.0,3106632.0,41070337.0,3179570.0,633992.0,44599422.0,12179.0,1169544.0,2012796.0,1829942.0,10119131.0,26932913.0,27026615.0,7244301.0,148401.0,25212875.0,2488194.0,16279863.0,109034682.0,2679727.0,43205.0,66112.0,56631.0,83626.0,50172.0,5463437.0,2997030.0,,38996.0,1946948.0,1761197.0,3676956.0,1456697.0,121279.0,3532382.0,16887921.0,27763250.0,9638770.0,216458.0,6682553.0,5054832.0,4558961.0,2234534.0,28692439.0,1350315.0,360126.0,1458140.0,54189.0,716134.0,3713427.0,26541901.0,1681348.0,7637.0,6588365.0,39224182.0,732899.0,44475683.0,9956531.0,175705910.0,2130500.0,9423806.0,64149.0,8925505.0,32111265.0,,4003959.0,3012161.0,3727863.0,2767977050.0
6,1981,7051470.0,1758305.0,10659763.0,37500.0,4642440.0,38889.0,19643808.0,2205811.0,11228376.0,6056773.0,4117025.0,137413.0,246366.0,45264877.0,180095.0,7515681.0,7911347.0,79700.0,2103777.0,234691.0,3370130.0,3036419.0,479263.0,76701666.0,122559.0,6924410.0,3775807.0,2346363.0,154047.0,4014719.0,4890351.0,19283224.0,1307684.0,2516192.0,7756483.0,648122685.0,16619767.0,174830.0,985850.0,1559323.0,3645791.0,6897194.0,516862.0,7871099.0,4577571.0,11445891.0,14942187.0,4078628.0,201070.0,75309.0,3427362.0,4781866.0,26288594.0,2631533.0,160081.0,992841.0,1165993.0,302672.0,19620527.0,396299.0,3832282.0,43210359.0,448794.0,369382.0,3367878.0,,6061927.0,7444473.0,55094.0,4004112.0,2803105.0,444430.0,455693.0,3397767.0,1994881.0,8321332.0,168126.0,435141254.0,89419180.0,22493238.0,7461328.0,2404036.0,2649641.0,44409398.0,1337226.0,90429398.0,1267885.0,10156252.0,8504665.0,,871806.0,2335108.0,1844641.0,2008544.0,1578774.0,744672.0,1052915.0,1760404.0,2641336.0,297995.0,4821886.0,3456602.0,8601208.0,89351.0,4018702.0,243139.0,31893.0,865221.0,637853.0,38685400.0,39973.0,982150.0,423976.0,11681754.0,6708984.0,20602292.0,576551.0,7875.0,8971974.0,11159673.0,2295898.0,1778500.0,3178564.0,41965432.0,3209895.0,668068.0,46110938.0,12279.0,1207382.0,2067677.0,1888725.0,10425707.0,27796203.0,27166865.0,7350994.0,168273.0,25953085.0,2516034.0,16391341.0,109797980.0,2749430.0,42960.0,68097.0,57996.0,85207.0,50730.0,5847791.0,3063169.0,,39913.0,1980747.0,1871208.0,3698788.0,1462253.0,125169.0,3655429.0,17361624.0,28114209.0,9828618.0,221583.0,6717883.0,5115139.0,4721658.0,2306287.0,29679227.0,1370393.0,367013.0,1502822.0,54443.0,730001.0,3847426.0,27265979.0,1729516.0,7827.0,6776636.0,39449525.0,780315.0,44758242.0,10259060.0,178177206.0,2146686.0,9714893.0,65983.0,9225147.0,33079303.0,,4129114.0,3118025.0,3878454.0,2832320001.0
7,1982,6863751.0,1807543.0,11027136.0,39114.0,4781002.0,39396.0,19923125.0,2241803.0,11467227.0,6100471.0,4222397.0,141335.0,255231.0,46604836.0,182111.0,7568067.0,7941303.0,82380.0,2156029.0,240320.0,3443316.0,3089099.0,496516.0,78875500.0,126530.0,6952193.0,3851023.0,2396747.0,158645.0,4097809.0,5018874.0,19601394.0,1347662.0,2558436.0,7919227.0,668825340.0,17135027.0,179446.0,1015933.0,1611675.0,3664950.0,7030030.0,519012.0,7873380.0,4773140.0,11805167.0,15292873.0,4101096.0,207984.0,75003.0,3532667.0,4935331.0,26974197.0,2684456.0,171269.0,1021009.0,1173049.0,311945.0,20071978.0,407623.0,3864888.0,43566514.0,457862.0,380262.0,3405685.0,,6276056.0,7517712.0,57032.0,4096939.0,2850852.0,449727.0,460241.0,3461294.0,2060819.0,8319947.0,171035.0,445913990.0,92081850.0,23232354.0,7684163.0,2428374.0,2698973.0,44756112.0,1371470.0,91415907.0,1326859.0,10288594.0,8830667.0,,921879.0,2387270.0,1886796.0,2013218.0,1586403.0,763873.0,1087879.0,1849624.0,2664548.0,299622.0,4962079.0,3533273.0,8844429.0,92305.0,4082671.0,248006.0,33328.0,892102.0,652663.0,39973762.0,41554.0,1012378.0,431384.0,12039158.0,6834198.0,21132690.0,587903.0,8018.0,9160738.0,11298880.0,2335443.0,1826695.0,3262572.0,42872892.0,3239852.0,704602.0,47730304.0,12516.0,1245859.0,2125904.0,1951928.0,10738331.0,28697064.0,27291863.0,7436063.0,191181.0,26638760.0,2538652.0,16536691.0,110246269.0,2820026.0,42728.0,69943.0,59251.0,86791.0,51548.0,6262489.0,3138651.0,,40558.0,2016767.0,1971092.0,3722223.0,1468013.0,129040.0,3705349.0,17842232.0,28464232.0,10027072.0,225542.0,6747352.0,5176392.0,4894696.0,2375831.0,30695717.0,1389013.0,375052.0,1555527.0,54746.0,741171.0,3992881.0,28021075.0,1778856.0,7956.0,6981053.0,39536797.0,819970.0,44983930.0,10584863.0,180485867.0,2161762.0,9987325.0,67682.0,9541917.0,34056702.0,,4264630.0,3229852.0,4048607.0,2898084147.0
8,1983,6650310.0,1856852.0,11416255.0,40867.0,4918690.0,39850.0,20232606.0,2272873.0,11646179.0,6127279.0,4320911.0,144830.0,262836.0,48033937.0,183741.0,7610127.0,7967881.0,85107.0,2212641.0,246300.0,3520142.0,3138633.0,514765.0,81087871.0,130432.0,6980247.0,3935801.0,2449070.0,163113.0,4194228.0,5155214.0,19862743.0,1388886.0,2606657.0,8083131.0,689412251.0,17665625.0,183977.0,1048048.0,1664908.0,3683275.0,7141847.0,521036.0,7880333.0,4980862.0,12166845.0,15661079.0,4124374.0,214548.0,74483.0,3637838.0,5093928.0,27697199.0,2736595.0,184325.0,1050567.0,1178999.0,321701.0,20620454.0,418363.0,3900269.0,43895007.0,467759.0,392590.0,3441239.0,,6508702.0,7595983.0,58991.0,4195393.0,2906264.0,456802.0,463246.0,3526127.0,2130597.0,8334105.0,173820.0,456979871.0,94829670.0,24016963.0,7919849.0,2446898.0,2748188.0,45083311.0,1405934.0,92368290.0,1390668.0,10407471.0,9173467.0,,970124.0,2438171.0,1935721.0,2017215.0,1597469.0,783489.0,1121818.0,1944190.0,2687815.0,301024.0,5111735.0,3624419.0,9087056.0,95315.0,4153195.0,250918.0,34889.0,920243.0,666024.0,41290338.0,43172.0,1043144.0,438201.0,12401994.0,6951532.0,21683775.0,600863.0,8171.0,9361045.0,11424418.0,2381628.0,1874975.0,3355874.0,43812911.0,3268149.0,742206.0,49429270.0,12843.0,1285107.0,2187072.0,2017795.0,11057995.0,29629293.0,27416812.0,7509337.0,215830.0,27289162.0,2558133.0,16719304.0,110487148.0,2897272.0,42482.0,71655.0,60447.0,88402.0,52512.0,6696939.0,3222862.0,,40895.0,2056617.0,2007435.0,3744498.0,1481025.0,133017.0,3713874.0,18332169.0,28804841.0,10231280.0,228960.0,6774729.0,5227399.0,5077349.0,2444819.0,31743460.0,1406179.0,384215.0,1613868.0,55060.0,750357.0,4145760.0,28803506.0,1828602.0,8041.0,7200953.0,39600049.0,854738.0,45210915.0,10930747.0,182615999.0,2175900.0,10247059.0,69280.0,9870053.0,35051287.0,,4409699.0,3347247.0,4234134.0,2964288852.0
9,1984,6441332.0,1906307.0,11824167.0,42706.0,5069614.0,40209.0,20547870.0,2304383.0,11818707.0,6160617.0,4413891.0,148471.0,270348.0,49531033.0,185525.0,7651687.0,7992691.0,87996.0,2272907.0,252911.0,3600357.0,3188465.0,534861.0,83309380.0,134482.0,7008470.0,4026750.0,2502288.0,167213.0,4309889.0,5300341.0,20107258.0,1429077.0,2662064.0,8247235.0,708884143.0,18190025.0,188695.0,1081585.0,1716810.0,3701716.0,7262304.0,523839.0,7891343.0,5196749.0,12552219.0,16054375.0,4147492.0,222717.0,73851.0,3743315.0,5257958.0,28445087.0,2788349.0,197156.0,1081627.0,1184810.0,332503.0,21237585.0,427190.0,3930245.0,44245710.0,478349.0,406731.0,3473636.0,,6752386.0,7669754.0,60677.0,4299291.0,2969475.0,465020.0,465356.0,3591683.0,2202879.0,8343344.0,176188.0,468458279.0,97651577.0,24855130.0,8155129.0,2466579.0,2786677.0,45415493.0,1439752.0,93406600.0,1459782.0,10526352.0,9535946.0,38171.0,1022514.0,2486198.0,1989791.0,2022823.0,1609032.0,803720.0,1150590.0,2041179.0,2711571.0,302394.0,5268811.0,3745094.0,9342983.0,98480.0,4225237.0,250498.0,36557.0,949277.0,680675.0,42633881.0,44856.0,1076121.0,444255.0,12768788.0,7048960.0,22253200.0,616779.0,8328.0,9568644.0,11547312.0,2416783.0,1924555.0,3455956.0,44819940.0,3294727.0,779278.0,51172926.0,13195.0,1325373.0,2250871.0,2083759.0,11386896.0,30582858.0,27550000.0,7580477.0,240471.0,27916811.0,2577967.0,16892492.0,110909921.0,2988312.0,42199.0,73268.0,61638.0,89979.0,53503.0,7140484.0,3315565.0,,41515.0,2102508.0,2056133.0,3767240.0,1493015.0,137286.0,3719791.0,18837907.0,29138162.0,10436588.0,232700.0,6803555.0,5271994.0,5269134.0,2516268.0,32817224.0,1421583.0,394712.0,1675245.0,55334.0,759285.0,4300319.0,29610227.0,1878059.0,8115.0,7434703.0,39685854.0,889620.0,45464418.0,11292499.0,184582435.0,2189889.0,10506809.0,70825.0,10200129.0,36078186.0,,4563690.0,3470093.0,4428711.0,3030891648.0
10,1985,6258490.0,1955345.0,12249414.0,44600.0,5240781.0,40518.0,20857790.0,2339007.0,12035511.0,6194264.0,4502007.0,152491.0,278692.0,51088543.0,187643.0,7696735.0,8018929.0,91074.0,2336579.0,260278.0,3684003.0,3239426.0,557310.0,85532142.0,138817.0,7020602.0,4122434.0,2556586.0,170812.0,4441622.0,5454782.0,20342922.0,1466764.0,2725090.0,8411333.0,727989858.0,18697976.0,193751.0,1116217.0,1766489.0,3722962.0,7404992.0,528242.0,7907030.0,5418671.0,12965430.0,16478510.0,4172265.0,233689.0,73201.0,3849479.0,5427299.0,29211382.0,2840493.0,208537.0,1113979.0,1191495.0,344636.0,21900434.0,433721.0,3951106.0,44638687.0,489575.0,422939.0,3505282.0,,7001252.0,7735260.0,61893.0,4408560.0,3040472.0,473875.0,467266.0,3658250.0,2277109.0,8341051.0,178166.0,480403899.0,100539387.0,25753392.0,8383373.0,2479956.0,2842049.0,45764424.0,1471948.0,94619509.0,1533350.0,10652537.0,9919792.0,38884.0,1082609.0,2531204.0,2047504.0,2031578.0,1619719.0,824717.0,1172137.0,2138503.0,2737250.0,303671.0,5432339.0,3903612.0,9620902.0,101818.0,4296060.0,254745.0,38333.0,979007.0,693970.0,44001873.0,46588.0,1111984.0,449312.0,13139836.0,7121274.0,22839492.0,636337.0,8501.0,9781737.0,11672547.0,2447217.0,1976307.0,3562502.0,45919311.0,3321382.0,815226.0,52939199.0,13528.0,1366721.0,2317190.0,2148630.0,11725871.0,31551766.0,27690267.0,7650271.0,263806.0,28545457.0,2598453.0,17050684.0,111461501.0,3095623.0,41866.0,74821.0,62834.0,91431.0,54444.0,7583849.0,3416483.0,,42226.0,2155211.0,2071790.0,3792403.0,1505259.0,141963.0,3746860.0,19360859.0,29465109.0,10642487.0,237250.0,6834398.0,5318166.0,5469763.0,2591761.0,33911659.0,1435226.0,406280.0,1738023.0,55567.0,768926.0,4452715.0,30437269.0,1927302.0,8219.0,7681385.0,39793848.0,928867.0,45719181.0,11668159.0,186531017.0,2204281.0,10774628.0,72397.0,10527643.0,37141475.0,,4726318.0,3598249.0,4628337.0,3098855592.0
11,1986,6133556.0,2001760.0,12680029.0,46517.0,5404728.0,41040.0,21211354.0,2377165.0,12269036.0,6219498.0,4573223.0,155987.0,288010.0,52680854.0,189462.0,7735212.0,8039033.0,93838.0,2397839.0,268274.0,3766383.0,3290692.0,583115.0,87658835.0,144789.0,7041685.0,4211334.0,2606989.0,173151.0,4508628.0,5604508.0,20582120.0,1488086.0,2790475.0,8584130.0,745296156.0,19202877.0,198677.0,1151197.0,1815027.0,3742984.0,7535958.0,533679.0,7954181.0,5623880.0,13285024.0,16878686.0,4199905.0,250275.0,72533.0,3956753.0,5595340.0,29979063.0,2905141.0,215925.0,1142305.0,1198892.0,357846.0,22554142.0,438446.0,3969652.0,44968905.0,500846.0,442881.0,3534551.0,,7234732.0,7801217.0,61840.0,4517388.0,3116471.0,481271.0,468453.0,3716014.0,2352508.0,8375740.0,180036.0,491533409.0,103343193.0,26613635.0,8586680.0,2490528.0,2897847.0,46078520.0,1495961.0,95782421.0,1599373.0,10793793.0,10301757.0,39872.0,1145168.0,2569527.0,2106820.0,2042825.0,1635000.0,843795.0,1176686.0,2226461.0,2763654.0,305384.0,5590539.0,4131314.0,9926095.0,104419.0,4324008.0,259266.0,40211.0,1005607.0,705965.0,45396946.0,47979.0,1147911.0,450842.0,13484844.0,7064144.0,23395621.0,664186.0,8683.0,9973174.0,11785695.0,2457283.0,2027614.0,3663403.0,47010095.0,3345303.0,848511.0,54565439.0,13831.0,1408628.0,2383015.0,2212023.0,12058140.0,32519656.0,27836138.0,7709541.0,281774.0,29137799.0,2613249.0,17233797.0,111911649.0,3230249.0,41479.0,77734.0,63830.0,92636.0,56021.0,7963814.0,3514138.0,,42405.0,2207786.0,2083482.0,3823552.0,1530330.0,146936.0,3788405.0,19831737.0,29822473.0,10858244.0,241352.0,6862683.0,5359066.0,5671585.0,2665524.0,35049040.0,1445409.0,414300.0,1795095.0,56017.0,775174.0,4596582.0,31224012.0,1977632.0,8336.0,7921053.0,39923362.0,981069.0,45883869.0,12026071.0,188296071.0,2224238.0,11020196.0,74341.0,10860141.0,38192305.0,,4880993.0,3718904.0,4834172.0,3162919221.0
12,1987,6059337.0,2049205.0,13130022.0,48455.0,5589305.0,41549.0,21538080.0,2417468.0,12513804.0,6247367.0,4640276.0,160171.0,298933.0,54345721.0,191721.0,7780180.0,8063854.0,96922.0,2463695.0,277113.0,3852312.0,3342281.0,612170.0,89840151.0,150935.0,7070047.0,4308099.0,2660282.0,175051.0,4624250.0,5766752.0,20890029.0,1507349.0,2866003.0,8754154.0,762487519.0,19690946.0,204096.0,1187088.0,1861350.0,3765570.0,7692941.0,541512.0,7989986.0,5835110.0,13675433.0,17322194.0,4222279.0,269358.0,71842.0,4064514.0,5769278.0,30770065.0,2968804.0,222146.0,1171872.0,1207054.0,372874.0,23262733.0,441084.0,3982311.0,45371712.0,512915.0,465385.0,3561762.0,,7474725.0,7872731.0,61244.0,4633576.0,3202742.0,490101.0,469785.0,3780628.0,2430342.0,8380010.0,182673.0,503413335.0,106249730.0,27564405.0,8780820.0,2505182.0,2957951.0,46402156.0,1518667.0,97036691.0,1670904.0,10933814.0,10708467.0,40790.0,1220417.0,2610298.0,2169861.0,2061557.0,1648815.0,863568.0,1173752.0,2313120.0,2793884.0,307472.0,5756217.0,4402679.0,10260189.0,107392.0,4353358.0,261495.0,42173.0,1033013.0,718285.0,46792279.0,49408.0,1186434.0,451551.0,13846228.0,6985046.0,23981602.0,695702.0,8865.0,10172498.0,11907132.0,2489470.0,2081797.0,3771263.0,48217382.0,3372941.0,879940.0,56211177.0,14123.0,1451381.0,2452118.0,2275761.0,12399561.0,33497178.0,28000541.0,7766901.0,299308.0,29839176.0,2627745.0,17345664.0,112456316.0,3385559.0,41041.0,80498.0,64750.0,93679.0,57432.0,8347657.0,3623689.0,,44178.0,2268795.0,2132761.0,3852625.0,1554601.0,152207.0,3851260.0,20333247.0,30152481.0,11080354.0,247212.0,6894232.0,5406765.0,5882732.0,2743700.0,36202679.0,1454704.0,424621.0,1854208.0,56530.0,783340.0,4736489.0,32041122.0,2026319.0,8485.0,8177543.0,40114684.0,1041164.0,46034168.0,12399392.0,189974894.0,2241945.0,11275109.0,76268.0,11186304.0,39282725.0,,5046725.0,3843991.0,5039289.0,3229334431.0
13,1988,6064368.0,2094781.0,13598649.0,50434.0,5790110.0,42056.0,21857981.0,2452433.0,12786686.0,6278817.0,4705658.0,164734.0,310586.0,56076814.0,194168.0,7801835.0,8106347.0,100143.0,2535032.0,285981.0,3942113.0,3383544.0,643647.0,92064463.0,157088.0,7095768.0,4412673.0,2715978.0,176919.0,4764429.0,5939397.0,21195469.0,1526882.0,2949587.0,8923917.0,778915650.0,20172095.0,209911.0,1224317.0,1907189.0,3788908.0,7859128.0,550773.0,8026489.0,6056005.0,14093655.0,17817497.0,4237310.0,289197.0,71208.0,4172699.0,5948119.0,31577592.0,3032374.0,227652.0,1199798.0,1213769.0,389075.0,24022572.0,442746.0,3992681.0,45804665.0,525692.0,489233.0,3595199.0,,7721612.0,7952311.0,60368.0,4756639.0,3296529.0,500069.0,471344.0,3850022.0,2510840.0,8372401.0,186264.0,515870592.0,109232684.0,28579409.0,8978179.0,2512878.0,3021920.0,46740008.0,1539865.0,98349916.0,1749065.0,11061132.0,11138957.0,41635.0,1293773.0,2649445.0,2235863.0,2082368.0,1668547.0,884504.0,1165559.0,2400030.0,2825851.0,309551.0,5931034.0,4690691.0,10617053.0,110602.0,4388980.0,264298.0,44083.0,1061326.0,730158.0,48192717.0,50879.0,1225912.0,451749.0,14219151.0,6915190.0,24583844.0,729551.0,9062.0,10385609.0,12024757.0,2506943.0,2138811.0,3886184.0,49528153.0,3401671.0,911909.0,57881387.0,14402.0,1494959.0,2524074.0,2340067.0,12748287.0,34489484.0,28166261.0,7825145.0,315581.0,30598355.0,2641328.0,17441493.0,113074033.0,3531370.0,40641.0,83093.0,65543.0,94731.0,58710.0,8719743.0,3742961.0,,44282.0,2330431.0,2206858.0,3883198.0,1564890.0,157838.0,3922498.0,20865902.0,30467087.0,11306843.0,253993.0,6930101.0,5459308.0,6104437.0,2822547.0,37346941.0,1462716.0,436141.0,1914556.0,57017.0,792728.0,4875882.0,32883939.0,2075583.0,8637.0,8447929.0,40372147.0,1108274.0,46168678.0,12794875.0,191659734.0,2259438.0,11540192.0,78194.0,11511393.0,40401407.0,,5229169.0,3972851.0,5244234.0,3296907648.0
14,1989,6180487.0,2159569.0,14086138.0,52448.0,5999255.0,42613.0,22200481.0,2473089.0,13061733.0,6323136.0,4771349.0,169138.0,322256.0,57876504.0,196402.0,7829144.0,8148715.0,103211.0,2613146.0,293878.0,4036630.0,3400358.0,676028.0,94322212.0,163144.0,7037178.0,4525624.0,2773818.0,179202.0,4894324.0,6120155.0,21608103.0,1549688.0,3038601.0,9097468.0,794694901.0,20662857.0,216055.0,1263500.0,1955569.0,3810846.0,8009702.0,560707.0,8072057.0,6291957.0,14474496.0,18374205.0,4250279.0,308005.0,70723.0,4280996.0,6130639.0,32404131.0,3096858.0,233126.0,1222709.0,1218640.0,405510.0,24838011.0,444896.0,4005947.0,46203998.0,539086.0,513286.0,3604405.0,,7977221.0,8049696.0,59505.0,4884663.0,3394776.0,510799.0,472956.0,3921799.0,2594604.0,8300085.0,189240.0,528673745.0,112251819.0,29626184.0,9195490.0,2522586.0,3089536.0,47070341.0,1559127.0,99619231.0,1835845.0,11110208.0,11593434.0,42442.0,1345450.0,2699200.0,2303959.0,2093410.0,1703489.0,907158.0,1154705.0,2489923.0,2850501.0,312201.0,6116818.0,4961285.0,10983735.0,113861.0,4436945.0,267677.0,45820.0,1090786.0,741832.0,49604879.0,52335.0,1264329.0,451802.0,14595662.0,6890557.0,25184366.0,763852.0,9278.0,10621105.0,12127216.0,2527552.0,2198323.0,4009167.0,50923473.0,3423214.0,948362.0,59591909.0,14709.0,1539310.0,2598200.0,2405872.0,13102330.0,35507653.0,28341083.0,7883082.0,329751.0,31325960.0,2653297.0,17561794.0,113749779.0,3635868.0,40354.0,85442.0,66181.0,95867.0,59976.0,9073336.0,3869225.0,,44458.0,2383516.0,2289657.0,3916636.0,1573253.0,163825.0,3985518.0,21431294.0,30780787.0,11535425.0,260575.0,6975808.0,5511991.0,6338590.0,2898040.0,38444850.0,1468985.0,447184.0,1975326.0,57374.0,802024.0,5020818.0,33745282.0,2129052.0,8779.0,8729972.0,40669467.0,1181510.0,46287292.0,13221269.0,193404928.0,2278871.0,11814858.0,80176.0,11845606.0,41529592.0,,5435594.0,4104502.0,5452164.0,3364998707.0
15,1990,6416143.0,2209388.0,14592665.0,54509.0,6212989.0,43278.0,22576669.0,2475169.0,13295519.0,6377966.0,4782030.0,173111.0,333810.0,59742811.0,198243.0,7852644.0,8180619.0,106042.0,2698800.0,300238.0,4136192.0,3385055.0,708152.0,96615677.0,169090.0,6944350.0,4647536.0,2833003.0,182164.0,5000800.0,6308234.0,21961177.0,1577940.0,3131531.0,9276385.0,810638823.0,21171373.0,222485.0,1304932.0,2008369.0,3831963.0,8132228.0,571204.0,8105984.0,6545650.0,14788304.0,18994830.0,4265489.0,324653.0,70419.0,4389335.0,6316201.0,33255515.0,3162304.0,239132.0,1238602.0,1221080.0,421663.0,25715494.0,448504.0,4023720.0,46541273.0,553073.0,536745.0,3608212.0,66764697.0,8243046.0,8193621.0,58863.0,5016268.0,3495505.0,522160.0,474602.0,3995656.0,2682059.0,8256228.0,191261.0,541732010.0,115286108.0,30690111.0,9442694.0,2543859.0,3203523.0,47374988.0,1576909.0,100713432.0,1933789.0,11209862.0,12073235.0,43220.0,1364013.0,2747335.0,2373453.0,2091723.0,1758746.0,931975.0,1143556.0,2584442.0,2863420.0,315578.0,6313997.0,5191923.0,11350059.0,117125.0,4501587.0,271199.0,47271.0,1121621.0,751882.0,51031872.0,53792.0,1300321.0,452113.0,14973110.0,6932438.0,25774046.0,797251.0,9505.0,10884603.0,12229555.0,2556245.0,2260447.0,4142194.0,52391675.0,3438762.0,992181.0,61355546.0,15058.0,1584393.0,2674200.0,2473904.0,13460959.0,36557953.0,28537269.0,7933936.0,341555.0,31964361.0,2664223.0,17691732.0,114336836.0,3686556.0,40259.0,87530.0,66684.0,97075.0,61310.0,9414816.0,4001208.0,5782601.0,44583.0,2423332.0,2393183.0,3953767.0,1583984.0,170143.0,4031789.0,22036047.0,31096001.0,11763648.0,266318.0,7024670.0,5571213.0,6586779.0,2968573.0,39469733.0,1473398.0,457010.0,2036252.0,57577.0,810763.0,5175191.0,34621355.0,2188739.0,8913.0,9022071.0,40873870.0,1260435.0,46389984.0,13682290.0,195518468.0,2300912.0,12165360.0,82289.0,12194168.0,42658124.0,5670653.0,,4238319.0,5663421.0,3506689498.0
16,1991,6886582.0,2192204.0,15106523.0,56671.0,6410257.0,44045.0,22930656.0,2452742.0,13501703.0,6440247.0,4837891.0,177581.0,344410.0,61549922.0,200129.0,7866351.0,8219007.0,108418.0,2791322.0,302606.0,4231282.0,3335500.0,736857.0,99035149.0,174596.0,6903742.0,4765849.0,2856241.0,186467.0,5143775.0,6489066.0,22246923.0,1617473.0,3218139.0,9452501.0,822198344.0,21689273.0,229050.0,1347638.0,2064982.0,3773379.0,8220158.0,584580.0,8127780.0,6797148.0,15115165.0,19655244.0,4276200.0,333357.0,70374.0,4500621.0,6500560.0,34052254.0,3234225.0,246932.0,1224625.0,1216776.0,437712.0,26558636.0,454929.0,4048579.0,46911078.0,566985.0,551664.0,3642623.0,67159687.0,8504067.0,8353399.0,59102.0,5153605.0,3575172.0,533600.0,477243.0,4079420.0,2773169.0,8279774.0,193876.0,554678783.0,118346163.0,31676751.0,9751359.0,2584259.0,3422626.0,47620036.0,1598999.0,101713471.0,2082366.0,11299533.0,12563503.0,43700.0,1346959.0,2783874.0,2434270.0,2081132.0,1865997.0,961809.0,1127440.0,2678622.0,2871324.0,319214.0,6504719.0,5280974.0,11712806.0,120562.0,4593277.0,279458.0,48404.0,1151445.0,765476.0,52437280.0,55257.0,1323451.0,455519.0,15380764.0,7204142.0,26330686.0,823787.0,9764.0,11185778.0,12333409.0,2685781.0,2331819.0,4272413.0,53783410.0,3454301.0,1055614.0,62969374.0,15441.0,1629403.0,2751340.0,2542984.0,13812508.0,37588815.0,28780236.0,7978009.0,351272.0,32652914.0,2670692.0,17588089.0,114685225.0,3636144.0,40379.0,89440.0,67702.0,98018.0,63103.0,9701150.0,4133252.0,5808411.0,45931.0,2431553.0,2469811.0,3976492.0,1592843.0,176231.0,4038465.0,22754721.0,31435287.0,12000135.0,271856.0,7056146.0,5639170.0,6852804.0,3016917.0,40327443.0,1475437.0,467336.0,2085100.0,57741.0,823199.0,5335263.0,35506671.0,2250008.0,9026.0,9279437.0,41059673.0,1350045.0,46502700.0,14141773.0,197830430.0,2321260.0,12414545.0,85008.0,12536293.0,43773161.0,5978614.0,,4348886.0,5819852.0,3571209462.0
17,1992,7513538.0,2177464.0,15636954.0,58888.0,6617809.0,44989.0,23318859.0,2412251.0,13683942.0,6497980.0,4899666.0,181390.0,355800.0,63412407.0,201616.0,7902426.0,8254135.0,110458.0,2892790.0,303091.0,4333706.0,3251864.0,764377.0,101428473.0,180330.0,6869677.0,4893883.0,2883437.0,191545.0,5261367.0,6679310.0,22517382.0,1663570.0,3310425.0,9636990.0,836373242.0,22213139.0,236011.0,1392727.0,2127056.0,3694462.0,8295177.0,598939.0,8197866.0,7067474.0,15363665.0,20393871.0,4289635.0,339936.0,70544.0,4610956.0,6688742.0,34909760.0,3305470.0,254882.0,1202345.0,1198841.0,452441.0,27473932.0,462763.0,4072705.0,47207502.0,581577.0,566218.0,3684578.0,67607689.0,8780241.0,8472405.0,59633.0,5289743.0,3658063.0,545613.0,480290.0,4161789.0,2867515.0,8328439.0,196538.0,567928040.0,121365850.0,32678561.0,10093786.0,2625033.0,3567026.0,47841051.0,1619874.0,102565858.0,2241264.0,11341450.0,13088506.0,44157.0,,2812087.0,2497007.0,2054352.0,1995887.0,993026.0,1112671.0,2779376.0,2872330.0,322700.0,6708995.0,5324432.0,12071635.0,124050.0,4704962.0,283353.0,49245.0,1183159.0,778864.0,53852416.0,56703.0,1346273.0,458905.0,15771349.0,7539164.0,26861129.0,849489.0,10030.0,11520023.0,12424843.0,2715519.0,2404901.0,4418873.0,55262470.0,3470996.0,1126673.0,64656522.0,15856.0,1675592.0,2829135.0,2613892.0,14170471.0,38661328.0,28998744.0,8030527.0,358160.0,33204907.0,2678633.0,17567356.0,115098465.0,3521083.0,40697.0,91040.0,68581.0,98866.0,64834.0,9974722.0,4269930.0,5871915.0,46834.0,2425133.0,2551102.0,4003307.0,1600253.0,182752.0,4035372.0,23521565.0,31864563.0,12224466.0,276555.0,7080087.0,5692983.0,7134128.0,3064427.0,41105530.0,1475563.0,476217.0,2133972.0,57661.0,833964.0,5507082.0,36399020.0,2321123.0,9112.0,9549349.0,41294593.0,1446247.0,46565147.0,14643361.0,200311560.0,2344975.0,12712016.0,87858.0,12897863.0,44888640.0,6316874.0,,4462166.0,5980995.0,3637961217.0
18,1993,8210678.0,2165420.0,16183290.0,60971.0,6835838.0,46034.0,23726984.0,2362173.0,13825559.0,6531312.0,4968648.0,184797.0,367828.0,65334883.0,202840.0,7947670.0,8283722.0,112569.0,3000808.0,302856.0,4441648.0,3151451.0,791554.0,103846139.0,186218.0,6862643.0,5031699.0,2913010.0,197241.0,5373170.0,6879307.0,22775135.0,1714469.0,3408879.0,9826070.0,851859016.0,22746396.0,243365.0,1439891.0,2193842.0,3727071.0,8356591.0,614075.0,8278544.0,7352853.0,15559022.0,21170611.0,4301471.0,345535.0,70831.0,4720837.0,6880102.0,35822163.0,3374399.0,263434.0,1175615.0,1174050.0,466640.0,28444226.0,471864.0,4093792.0,47445868.0,596851.0,580651.0,3735746.0,68013440.0,9066929.0,8575090.0,60375.0,5428159.0,3744712.0,558297.0,483128.0,4247081.0,2965547.0,8384846.0,198696.0,581577834.0,124382455.0,33711228.0,10463590.0,2660107.0,3689017.0,48034122.0,1640311.0,103341419.0,2405139.0,11335458.0,13640400.0,44641.0,,2812710.0,2560950.0,2018226.0,2135078.0,1025477.0,1106877.0,2883745.0,2864351.0,326117.0,6925842.0,5343850.0,12432467.0,127702.0,4832172.0,287295.0,49831.0,1216523.0,790103.0,55265940.0,58113.0,1368339.0,462252.0,16157928.0,7909211.0,27384627.0,874510.0,10287.0,11877328.0,12502216.0,2747642.0,2479978.0,4579180.0,56826462.0,3486228.0,1200950.0,66434133.0,16290.0,1722668.0,2908664.0,2687197.0,14535133.0,39767878.0,29209901.0,8094829.0,363140.0,33663033.0,2686257.0,17731728.0,115517467.0,3399073.0,41135.0,92467.0,69364.0,99623.0,66583.0,10250309.0,4411118.0,5941302.0,48459.0,2411628.0,2621485.0,4048497.0,1607466.0,189592.0,4035101.0,24323111.0,32307539.0,12440002.0,280686.0,7102975.0,5732492.0,7429379.0,3111993.0,41838286.0,1475706.0,483600.0,2185696.0,57539.0,844138.0,5686238.0,37304171.0,2397490.0,9194.0,9829799.0,41453971.0,1547327.0,46596383.0,15169039.0,202764823.0,2370376.0,13022669.0,90756.0,13273021.0,46009881.0,6675778.0,,4580017.0,6142424.0,3708349412.0
19,1994,8875923.0,2154743.0,16746520.0,62677.0,7065921.0,47112.0,24130841.0,2313998.0,13983278.0,6538747.0,5036176.0,188331.0,380348.0,67323109.0,204062.0,7972162.0,8306269.0,115226.0,3112474.0,303405.0,4552634.0,3057533.0,819783.0,106349129.0,192280.0,6887322.0,5179198.0,2943365.0,203375.0,5514687.0,7090072.0,23049115.0,1767837.0,3514199.0,10015207.0,866554349.0,23292189.0,251109.0,1488633.0,2263782.0,3781782.0,8407645.0,630024.0,8349324.0,7647491.0,15752830.0,21941615.0,4310455.0,351322.0,71043.0,4831282.0,7073878.0,36773451.0,3439245.0,273165.0,1149619.0,1155292.0,481521.0,29448140.0,481782.0,4114695.0,47661933.0,612862.0,595390.0,3711261.0,68219543.0,9358109.0,8673521.0,61231.0,5573197.0,3836169.0,571918.0,485350.0,4341210.0,3067487.0,8431436.0,200672.0,595796004.0,127458214.0,34799745.0,10849673.0,2693249.0,3810952.0,48187701.0,1661711.0,104183166.0,2566100.0,11244988.0,14205343.0,45167.0,,2814355.0,2625948.0,1990606.0,2266058.0,1058628.0,1119161.0,2987099.0,2851995.0,329582.0,7153286.0,5367237.0,12805300.0,131661.0,4969529.0,291135.0,50215.0,1251156.0,803510.0,56654564.0,59452.0,1389449.0,465481.0,16560601.0,8278578.0,27926318.0,899237.0,10498.0,12243708.0,12566154.0,2785499.0,2557851.0,4751059.0,58471494.0,3499508.0,1271275.0,68323016.0,16717.0,1770157.0,2991179.0,2763367.0,14908623.0,40894510.0,29443307.0,8167955.0,367793.0,34144907.0,2692374.0,17879625.0,115991314.0,3339295.0,41617.0,93899.0,70103.0,100289.0,68395.0,10541501.0,4557422.0,5998403.0,50383.0,2400395.0,2711171.0,4096134.0,1616710.0,196603.0,4051816.0,25142341.0,32721901.0,12651534.0,284839.0,7137216.0,5766876.0,7734815.0,3160730.0,42576932.0,1478428.0,490051.0,2243670.0,57594.0,855342.0,5865721.0,38227607.0,2473597.0,9252.0,10118701.0,41411680.0,1650822.0,46645068.0,15698244.0,205173171.0,2395066.0,13317990.0,93574.0,13651602.0,47160516.0,7042565.0,,4704311.0,6295839.0,3778999785.0
20,1995,9450369.0,2144033.0,17327288.0,63850.0,7309568.0,48188.0,24519509.0,2276039.0,14173806.0,6540051.0,5101844.0,192259.0,393200.0,69382725.0,205397.0,7985396.0,8323415.0,118682.0,3225964.0,305794.0,4665349.0,2986076.0,849858.0,108956354.0,198563.0,6900519.0,5336138.0,2974958.0,209807.0,5703570.0,7312466.0,23331377.0,1821929.0,3626870.0,10202755.0,879156601.0,23851656.0,259238.0,1538644.0,2335920.0,3767969.0,8452576.0,646732.0,8401415.0,7946916.0,15970407.0,22684294.0,4324358.0,358293.0,71098.0,4942876.0,7269512.0,37757141.0,3499132.0,284338.0,1128920.0,1140451.0,497682.0,30474174.0,491876.0,4136570.0,47895893.0,629668.0,610948.0,3613307.0,68398105.0,9650703.0,8773544.0,62118.0,5726342.0,3933320.0,586498.0,486599.0,4446585.0,3173310.0,8460792.0,202175.0,610646849.0,130622132.0,35966936.0,11244682.0,2730770.0,3937119.0,48317557.0,1684527.0,105059561.0,2716541.0,11118529.0,14774074.0,45756.0,1112533.0,2847481.0,2692313.0,1969674.0,2377424.0,1091824.0,1153816.0,3086846.0,2839436.0,333302.0,7389772.0,5414401.0,13197004.0,136051.0,5113377.0,294337.0,50457.0,1286928.0,813962.0,58009140.0,60677.0,1410447.0,468418.0,16987827.0,8624022.0,28498629.0,924077.0,10628.0,12608320.0,12618683.0,2828325.0,2638628.0,4933283.0,60192246.0,3510926.0,1332017.0,70343430.0,17164.0,1817819.0,3077036.0,2842620.0,15293282.0,42035429.0,29700237.0,8245567.0,373369.0,34708496.0,2697439.0,17968734.0,116653208.0,3381624.0,42074.0,95440.0,70815.0,100821.0,70275.0,10852970.0,4708842.0,5942784.0,51736.0,2397550.0,2803268.0,4140225.0,1627484.0,203693.0,4092926.0,25964336.0,33099848.0,12860770.0,289351.0,7163820.0,5798482.0,8047416.0,3212337.0,43357050.0,1485238.0,495789.0,2310143.0,57902.0,868251.0,6041143.0,39168323.0,2546835.0,9298.0,10416034.0,41279290.0,1754964.0,46726855.0,16220207.0,207656197.0,2417841.0,13621892.0,96284.0,14028961.0,48357040.0,7407823.0,,4836542.0,6437605.0,3850315150.0
21,1996,9790296.0,2147337.0,17906652.0,64360.0,7545942.0,49481.0,24899135.0,2258405.0,14378076.0,6550716.0,5174667.0,195325.0,404507.0,71497862.0,206737.0,8022042.0,8341244.0,123480.0,3326059.0,312089.0,4774389.0,2947176.0,879246.0,111565573.0,204590.0,6909096.0,5483561.0,3003857.0,215938.0,5899755.0,7528748.0,23611964.0,1869272.0,3735399.0,10387285.0,897114439.0,24395023.0,267544.0,1589744.0,2411094.0,3731609.0,8523890.0,661901.0,8446354.0,8209496.0,16145768.0,23273564.0,4337384.0,369456.0,70936.0,5054439.0,7462694.0,38854818.0,3551374.0,297135.0,1134688.0,1133894.0,511888.0,31415654.0,499082.0,4153054.0,48137053.0,646885.0,625294.0,3495914.0,68702864.0,9927744.0,8848451.0,63353.0,5875760.0,4020503.0,598198.0,488033.0,4554641.0,3283371.0,8482418.0,203559.0,625506064.0,133715671.0,37366316.0,11661990.0,2776239.0,4056780.0,48432990.0,1708074.0,105765278.0,2806966.0,11029131.0,15319247.0,46538.0,1136788.0,2908843.0,2750081.0,1961450.0,2439570.0,1121181.0,1223180.0,3182366.0,2827544.0,337102.0,7617835.0,5488305.0,13620565.0,141068.0,5239612.0,297949.0,50533.0,1323117.0,823766.0,59479567.0,61683.0,1440827.0,469741.0,17393889.0,8868960.0,29097393.0,946651.0,10672.0,12924485.0,12667409.0,2872835.0,2720004.0,5099495.0,61792651.0,3522649.0,1359293.0,72535378.0,17593.0,1866095.0,3162832.0,2923983.0,15699267.0,43198845.0,29937812.0,8312539.0,381358.0,35145339.0,2713340.0,18090715.0,117496690.0,3476928.0,42475.0,97242.0,71454.0,101747.0,71949.0,11248549.0,4839037.0,5972425.0,52821.0,2399047.0,2923239.0,4180083.0,1638027.0,210586.0,4165992.0,26733918.0,33431788.0,13041331.0,294679.0,7169317.0,5818931.0,8374706.0,3276242.0,44240690.0,1497524.0,493187.0,2396275.0,58116.0,881949.0,6212045.0,40102729.0,2614440.0,9323.0,10681233.0,41162281.0,1854622.0,46853089.0,16663271.0,210000088.0,2438930.0,13972564.0,98702.0,14415653.0,49518047.0,7685211.0,,4970562.0,6549443.0,3925675840.0
22,1997,10000533.0,2148691.0,18509358.0,64327.0,7798621.0,50764.0,25271972.0,2252710.0,14565014.0,6570919.0,5254337.0,198880.0,417045.0,73678597.0,208197.0,8046963.0,8367645.0,129126.0,3429005.0,320905.0,4885948.0,2933569.0,910839.0,114259757.0,210913.0,6905775.0,5643038.0,3033125.0,222521.0,6151461.0,7757783.0,23912394.0,1916773.0,3853829.0,10574425.0,910225818.0,24966386.0,276150.0,1642446.0,2488018.0,3723728.0,8572592.0,678554.0,8487136.0,8477176.0,16345759.0,23831799.0,4343578.0,381714.0,70599.0,5168248.0,7656115.0,39942752.0,3600496.0,311580.0,1146861.0,1129681.0,527729.0,32376137.0,506914.0,4174633.0,48382061.0,665092.0,641036.0,3399952.0,68871498.0,10203569.0,8936176.0,64517.0,6036865.0,4114296.0,611153.0,488247.0,4673572.0,3396778.0,8493097.0,205909.0,640922016.0,136917995.0,38783556.0,12084569.0,2827964.0,4171223.0,48549471.0,1732019.0,106407159.0,2886546.0,10922194.0,15845875.0,47378.0,1204526.0,2972022.0,2811813.0,1955241.0,2481974.0,1150041.0,1320809.0,3272247.0,2817203.0,340814.0,7858309.0,5593485.0,14060513.0,146462.0,5376855.0,301786.0,50450.0,1360327.0,838483.0,60914614.0,62381.0,1468624.0,470923.0,17832652.0,9101480.0,29715540.0,969323.0,10647.0,13230893.0,12727473.0,2910974.0,2804385.0,5277453.0,63483995.0,3536024.0,1378537.0,74887743.0,18014.0,1914077.0,3252008.0,3007455.0,16116220.0,44362391.0,30226063.0,8387728.0,392709.0,35715459.0,2723431.0,18129649.0,118133870.0,3688956.0,42854.0,99287.0,72079.0,102441.0,73698.0,11637295.0,4974793.0,5983285.0,53844.0,2413262.0,3032737.0,4220688.0,1645957.0,217645.0,4271230.0,27488145.0,33753433.0,13221367.0,300106.0,7178289.0,5832814.0,8700701.0,3339619.0,45158741.0,1514652.0,490200.0,2491026.0,58643.0,896706.0,6374092.0,41041869.0,2680823.0,9323.0,10958572.0,41050202.0,1962109.0,47007195.0,17102307.0,212656075.0,2459037.0,14355893.0,100999.0,14796220.0,50777561.0,7968932.0,,5114997.0,6643958.0,3997880893.0
23,1998,10154131.0,2148846.0,19129180.0,64142.0,8067963.0,51995.0,25639045.0,2256840.0,14747982.0,6598499.0,5343528.0,202825.0,430592.0,75912252.0,209690.0,8067931.0,8394845.0,135148.0,3535763.0,331649.0,5000430.0,2939357.0,943812.0,117005584.0,217464.0,6894306.0,5813113.0,3068955.0,229491.0,6453323.0,7999867.0,24197147.0,1964853.0,3982527.0,10763747.0,921028807.0,25554080.0,285091.0,1696570.0,2566518.0,3728934.0,8612277.0,696084.0,8523708.0,8746355.0,16563732.0,24391874.0,4347150.0,394876.0,70185.0,5283517.0,7850498.0,41049476.0,3646269.0,327157.0,1167948.0,1126495.0,544181.0,33361164.0,514605.0,4198408.0,48642035.0,684190.0,658184.0,3332059.0,68943671.0,10484523.0,9032162.0,65709.0,6207095.0,4212629.0,625184.0,486940.0,4800342.0,3513581.0,8494681.0,209014.0,656833209.0,140189637.0,40241430.0,12514068.0,2880357.0,4276805.0,48643609.0,1755914.0,107053660.0,2958022.0,10794893.0,16370629.0,48318.0,1297377.0,3041034.0,2876995.0,1950136.0,2519066.0,1177007.0,1432158.0,3359527.0,2808677.0,344704.0,8110060.0,5721585.0,14515467.0,152376.0,5524499.0,305315.0,50356.0,1399227.0,853076.0,62317991.0,62943.0,1496293.0,472157.0,18288320.0,9331607.0,30340239.0,992284.0,10565.0,13529607.0,12805152.0,2939031.0,2890404.0,5464565.0,65253889.0,3552049.0,1392137.0,77371715.0,18410.0,1962156.0,3342843.0,3093457.0,16536397.0,45539497.0,30536794.0,8468451.0,406802.0,36281740.0,2743121.0,18139161.0,118724628.0,3954080.0,43221.0,101528.0,72677.0,102909.0,75508.0,12010677.0,5116542.0,5981648.0,55371.0,2443177.0,3153528.0,4260241.0,1651422.0,224840.0,4398677.0,28234867.0,34055216.0,13402313.0,305665.0,7194833.0,5854635.0,9025947.0,3406594.0,46092840.0,1534768.0,487761.0,2591500.0,59331.0,912293.0,6530382.0,41985037.0,2746705.0,9332.0,11252134.0,40963442.0,2073768.0,47200975.0,17548270.0,215396345.0,2477170.0,14734148.0,103260.0,15177058.0,52098090.0,8262025.0,,5267197.0,6726694.0,4069225019.0
24,1999,10342138.0,2149520.0,19753703.0,64370.0,8354075.0,53141.0,26006003.0,2266373.0,14947031.0,6631696.0,5439443.0,206816.0,445948.0,78184423.0,211074.0,8098571.0,8423184.0,141037.0,3647935.0,343468.0,5118758.0,2955318.0,976587.0,119749881.0,224180.0,6889685.0,5991982.0,3118168.0,236734.0,6777685.0,8253950.0,24486372.0,2014168.0,4121901.0,10955132.0,933531660.0,26141231.0,294323.0,1752016.0,2646559.0,3720748.0,8660663.0,713953.0,8556269.0,9013153.0,16778755.0,24991341.0,4349620.0,408929.0,69835.0,5398852.0,8047226.0,42217810.0,3689216.0,343297.0,1200205.0,1137527.0,559585.0,34384476.0,521314.0,4219927.0,48977087.0,704016.0,676924.0,3278421.0,69085010.0,10779788.0,9107520.0,67034.0,6380942.0,4313030.0,640049.0,484127.0,4929363.0,3634270.0,8491577.0,212385.0,673118428.0,143440635.0,41760896.0,12955292.0,2932931.0,4395766.0,48717520.0,1779041.0,107587056.0,3025312.0,10754342.0,16918621.0,49416.0,1389655.0,3114676.0,2944835.0,1948414.0,2570234.0,1200390.0,1539594.0,3449229.0,2802400.0,349113.0,8373113.0,5863198.0,14982438.0,158972.0,5681864.0,308794.0,50423.0,1440631.0,869057.0,63702484.0,63484.0,1527465.0,473561.0,18732600.0,9571619.0,30950257.0,1015897.0,10449.0,13828265.0,12891411.0,2958613.0,2975679.0,5659004.0,67084511.0,3572536.0,1406123.0,79954036.0,18776.0,2011052.0,3433331.0,3182611.0,16949337.0,46746874.0,30828971.0,8551278.0,422569.0,36813358.0,2762993.0,18178308.0,119270663.0,4205942.0,43614.0,103835.0,73265.0,103193.0,77327.0,12375894.0,5263995.0,5977732.0,56945.0,2491764.0,3198237.0,4298692.0,1661384.0,232176.0,4538508.0,28984345.0,34329802.0,13580602.0,311282.0,7214485.0,5889597.0,9352578.0,3483208.0,47002022.0,1554974.0,486633.0,2693725.0,59908.0,927855.0,6684952.0,42933412.0,2812493.0,9346.0,11566736.0,40871359.0,2190119.0,47430649.0,18012520.0,218176516.0,2492628.0,15062680.0,105631.0,15568005.0,53411011.0,8567701.0,,5423723.0,6805504.0,4143409388.0
25,2000,10619933.0,2152011.0,20375279.0,65390.0,8656837.0,54205.0,26376552.0,2277296.0,15153389.0,6663448.0,5541644.0,210701.0,464292.0,80479317.0,212306.0,8130820.0,8450535.0,146555.0,3766746.0,355716.0,5241241.0,2974237.0,1008101.0,122461319.0,231027.0,6890724.0,6178925.0,3184846.0,244224.0,7099733.0,8518742.0,24805217.0,2065018.0,4272032.0,11149051.0,949651456.0,26720977.0,303847.0,1808716.0,2727679.0,3694306.0,8724910.0,731994.0,8570898.0,9275134.0,16981661.0,25653689.0,4353417.0,423549.0,69650.0,5513791.0,8246922.0,43461939.0,3730535.0,359774.0,1244547.0,1151354.0,573017.0,35454925.0,526897.0,4237454.0,49395759.0,724542.0,697433.0,3228205.0,69326864.0,11094521.0,9176227.0,68492.0,6555887.0,4414333.0,655734.0,480470.0,5057411.0,3759111.0,8492598.0,215954.0,689670784.0,146595111.0,43335532.0,13409687.0,2988430.0,4523133.0,48785536.0,1801234.0,108090687.0,3093279.0,10787024.0,17501199.0,50655.0,1464767.0,3186866.0,3015403.0,1944788.0,2647905.0,1219410.0,1632370.0,3544060.0,2798246.0,353648.0,8647755.0,6011359.0,15457533.0,166339.0,5848948.0,312637.0,50753.0,1484973.0,881179.0,65079609.0,64062.0,1563803.0,475216.0,19151460.0,9829418.0,31529702.0,1040458.0,10337.0,14133638.0,12984414.0,2981414.0,3058986.0,5861250.0,68962811.0,3593515.0,1426461.0,82610632.0,19105.0,2061100.0,3522501.0,3275134.0,17347290.0,47988422.0,30776116.0,8640351.0,440065.0,37317557.0,2785893.0,18271358.0,119850507.0,4413244.0,44074.0,106129.0,73852.0,103355.0,79140.0,12755299.0,5417331.0,5975658.0,57888.0,2559603.0,3274248.0,4326419.0,1675208.0,239668.0,4684599.0,29739858.0,34589461.0,13754022.0,316912.0,7237663.0,5931064.0,9680074.0,3572841.0,47856109.0,1573331.0,487538.0,2794584.0,60269.0,942871.0,6839232.0,43886535.0,2878285.0,9394.0,11905621.0,40758103.0,2317849.0,47683862.0,18502282.0,220925041.0,2505098.0,15462746.0,108208.0,15973124.0,54679768.0,8890688.0,,5581947.0,6883690.0,4222081588.0
26,2001,11057881.0,2152279.0,21022053.0,67341.0,8950076.0,55404.0,26764687.0,2293846.0,15402897.0,6707026.0,5663525.0,215122.0,494796.0,82643994.0,214050.0,8151023.0,8492679.0,151976.0,3887356.0,368425.0,5361898.0,2994084.0,1036421.0,125026354.0,237629.0,6793814.0,6356517.0,3299662.0,253088.0,7401211.0,8774139.0,25177419.0,2105962.0,4422491.0,11356247.0,963877815.0,27329645.0,313161.0,1863325.0,2803915.0,3563395.0,8785402.0,749169.0,8590694.0,9468708.0,17195400.0,26330149.0,4364306.0,435554.0,69661.0,5631286.0,8437692.0,44676616.0,3773546.0,376669.0,1330250.0,1151602.0,582795.0,36431008.0,537376.0,4260446.0,49797316.0,746004.0,720477.0,3192498.0,69590299.0,11415580.0,9242163.0,69960.0,6746608.0,4491010.0,672764.0,478719.0,5182039.0,3883036.0,8507745.0,219782.0,705625118.0,149130016.0,44916762.0,13846533.0,3053092.0,4632988.0,48859622.0,1823574.0,108611716.0,3166659.0,10879220.0,18035169.0,51850.0,1515023.0,3250599.0,3093130.0,1936441.0,2744375.0,1232769.0,1688960.0,3643002.0,2798991.0,357948.0,8915242.0,6140675.0,15903452.0,175948.0,6013490.0,316559.0,51422.0,1531780.0,892628.0,66539934.0,64139.0,1604488.0,478989.0,19579890.0,10079290.0,32014466.0,1065237.0,10215.0,14432897.0,13089111.0,3008119.0,3145113.0,6046712.0,70669820.0,3612578.0,1460600.0,85171132.0,19386.0,2109954.0,3603638.0,3367195.0,17711521.0,49222588.0,31044214.0,8722425.0,464290.0,37843234.0,2813800.0,18104864.0,120213208.0,4600333.0,44599.0,108327.0,74624.0,104567.0,80877.0,13292529.0,5567623.0,5988979.0,58777.0,2654577.0,3372283.0,4355124.0,1685830.0,246815.0,4817290.0,30411356.0,34922142.0,13926183.0,322001.0,7286981.0,5983061.0,9935901.0,3677867.0,48683485.0,1590835.0,497153.0,2877610.0,61021.0,958430.0,6981258.0,44789690.0,2948301.0,9484.0,12259092.0,40626591.0,2513549.0,47978486.0,19007571.0,223619403.0,2514629.0,15889982.0,111374.0,16379784.0,56104116.0,9252742.0,,5713571.0,6929131.0,4297202691.0
27,2002,11606534.0,2168262.0,21646533.0,70049.0,9263022.0,56516.0,27141654.0,2309552.0,15635437.0,6752539.0,5785159.0,219542.0,528942.0,84834188.0,215507.0,8163700.0,8540099.0,157186.0,4015715.0,381627.0,5486131.0,3020235.0,1062543.0,127615111.0,244438.0,6683241.0,6545769.0,3433039.0,261741.0,7666903.0,9039463.0,25543797.0,2148492.0,4586594.0,11559643.0,982328160.0,27919286.0,322780.0,1919600.0,2880798.0,3581276.0,8867792.0,766607.0,8611241.0,9657170.0,17396768.0,27083357.0,4373201.0,448141.0,69837.0,5746908.0,8633879.0,45985493.0,3816057.0,394490.0,1428554.0,1151845.0,589602.0,37470736.0,545741.0,4278833.0,50215784.0,768331.0,745267.0,3180550.0,69924112.0,11760881.0,9286680.0,71465.0,6937607.0,4569605.0,690950.0,476721.0,5306849.0,4014185.0,8510052.0,222269.0,721935830.0,151573241.0,46523699.0,14302867.0,3118473.0,4731692.0,48956766.0,1846299.0,109135668.0,3243129.0,10984069.0,18625594.0,53355.0,1551149.0,3319350.0,3170944.0,1929479.0,2874644.0,1240400.0,1727864.0,3746301.0,2799630.0,361881.0,9200280.0,6281772.0,16372966.0,186381.0,6189415.0,320749.0,52370.0,1582059.0,900581.0,67953027.0,64355.0,1650739.0,482609.0,19967643.0,10348056.0,32474651.0,1091013.0,10102.0,14733306.0,13174304.0,3069405.0,3227590.0,6247711.0,72451476.0,3634477.0,1506015.0,87799222.0,19637.0,2160674.0,3685513.0,3464137.0,18045989.0,50483377.0,31274007.0,8784492.0,490204.0,38221025.0,2844926.0,17914771.0,120683221.0,4740257.0,45165.0,110548.0,75432.0,105585.0,82647.0,13867930.0,5725807.0,6009505.0,61288.0,2775085.0,3411307.0,4386369.0,1696390.0,253961.0,4963196.0,31090691.0,35477651.0,14090307.0,327154.0,7326464.0,6044009.0,10192974.0,3798419.0,49447948.0,1605523.0,508366.0,2959776.0,61448.0,973525.0,7121532.0,45726367.0,3010531.0,9596.0,12640847.0,40498082.0,2713201.0,48311821.0,19531102.0,226084235.0,2519643.0,16321136.0,114914.0,16797189.0,57376019.0,9619494.0,,5847785.0,6969968.0,4377563123.0
28,2003,12216035.0,2184263.0,22258151.0,73182.0,9596185.0,57574.0,27514842.0,2323412.0,15872569.0,6795019.0,5909869.0,224047.0,567266.0,87020041.0,216801.0,8169800.0,8582599.0,162351.0,4150737.0,395030.0,5613711.0,3049344.0,1087730.0,130191947.0,251080.0,6663134.0,6746403.0,3581731.0,270425.0,7901855.0,9314981.0,25862637.0,2192250.0,4761629.0,11763945.0,1003009688.0,28501875.0,332661.0,1978307.0,2957919.0,3601272.0,8959643.0,784426.0,8637437.0,9846034.0,17590372.0,27903695.0,4381143.0,461064.0,70100.0,5862229.0,8834707.0,47344023.0,3858885.0,413008.0,1534191.0,1151915.0,594577.0,38558059.0,553216.0,4294285.0,50633680.0,791796.0,771665.0,3175499.0,70212717.0,12127119.0,9313333.0,72903.0,7133045.0,4652937.0,710312.0,475082.0,5431758.0,4150678.0,8508356.0,224165.0,738493342.0,153950509.0,48112022.0,14761876.0,3179668.0,4823132.0,49183304.0,1869168.0,109634039.0,3329742.0,11116392.0,19251984.0,55061.0,1582306.0,3398101.0,3251755.0,1925593.0,3020218.0,1244737.0,1758470.0,3851177.0,2799483.0,366600.0,9500589.0,6434612.0,16861396.0,197339.0,6376693.0,324908.0,53456.0,1635228.0,907644.0,69351084.0,64624.0,1700518.0,486037.0,20332341.0,10631547.0,32906103.0,1117913.0,9994.0,15034649.0,13236371.0,3139463.0,3307735.0,6461633.0,74303621.0,3659760.0,1562055.0,90508803.0,19809.0,2212656.0,3769444.0,3563641.0,18356306.0,51757302.0,31470299.0,8826156.0,526735.0,38537091.0,2875829.0,17950213.0,121186541.0,4855088.0,45746.0,112857.0,76227.0,106518.0,84427.0,14475687.0,5891161.0,6024910.0,61130.0,2910020.0,3372420.0,4413538.0,1705650.0,261127.0,5118917.0,31772789.0,36155975.0,14246358.0,332355.0,7363212.0,6105914.0,10467889.0,3931208.0,50159094.0,1618329.0,521099.0,3041943.0,61679.0,987844.0,7260069.0,46671988.0,3069895.0,9726.0,13048838.0,40427388.0,2952631.0,48675821.0,20075257.0,228407281.0,2522736.0,16754212.0,118689.0,17220828.0,58572742.0,10000215.0,,5985839.0,7008844.0,4461123278.0
29,2004,12819762.0,2199882.0,22866896.0,76244.0,9949519.0,58672.0,27893886.0,2334315.0,16100113.0,6849430.0,6044750.0,228723.0,610972.0,89166842.0,218111.0,8169151.0,8626401.0,167719.0,4290884.0,408302.0,5744481.0,3076532.0,1113881.0,132723307.0,257414.0,6641993.0,6958299.0,3740601.0,279406.0,8125230.0,9601489.0,26197759.0,2236740.0,4944772.0,11974082.0,1022286596.0,29097893.0,342774.0,2040466.0,3034381.0,3618082.0,9040218.0,802939.0,8667371.0,10043023.0,17787939.0,28779891.0,4391003.0,473874.0,70382.0,5979320.0,9038449.0,48681902.0,3902558.0,432381.0,1638930.0,1151320.0,599281.0,39681853.0,561322.0,4313008.0,51063214.0,816743.0,799506.0,3169664.0,70428756.0,12507895.0,9338763.0,74157.0,7340029.0,4744178.0,730808.0,474539.0,5557764.0,4289952.0,8512985.0,226620.0,755169502.0,156306034.0,49616682.0,15200951.0,3244875.0,4912440.0,49506203.0,1891877.0,109902748.0,3434362.0,11274702.0,19881691.0,56738.0,1622118.0,3484198.0,3338817.0,1918471.0,3157630.0,1248776.0,1792810.0,3953171.0,2789920.0,372277.0,9813428.0,6597533.0,17361281.0,208346.0,6576149.0,329225.0,54476.0,1690407.0,915068.0,70776245.0,64819.0,1749683.0,488268.0,20701689.0,10926544.0,33308667.0,1145636.0,9902.0,15334772.0,13286618.0,3196274.0,3387715.0,6686458.0,76226461.0,3686289.0,1626010.0,93314775.0,19867.0,2264860.0,3857196.0,3661928.0,18650733.0,53036701.0,31653378.0,8854900.0,586398.0,38833000.0,2905112.0,17987427.0,121583773.0,4968777.0,46324.0,115339.0,76958.0,107484.0,86248.0,15105995.0,6062495.0,6039385.0,61384.0,3046414.0,3430615.0,4441255.0,1713508.0,268373.0,5279861.0,32443757.0,36799879.0,14397452.0,337625.0,7406182.0,6166527.0,10780003.0,4069214.0,50836168.0,1630877.0,535331.0,3125334.0,61945.0,1001151.0,7396321.0,47595033.0,3133406.0,9869.0,13480584.0,40341615.0,3285580.0,49087093.0,20645182.0,231023653.0,2527102.0,17194282.0,122502.0,17642353.0,59804680.0,10407804.0,,6129909.0,7046080.0,4543979201.0
30,2005,13376232.0,2213416.0,23472409.0,78867.0,10322348.0,59871.0,28282935.0,2341445.0,16353621.0,6913700.0,6190711.0,233544.0,660788.0,91256553.0,219502.0,8156530.0,8681527.0,173395.0,4435042.0,421156.0,5878524.0,3098797.0,1142018.0,135199523.0,263499.0,6616099.0,7181278.0,3905001.0,288753.0,8353441.0,9898986.0,26544365.0,2281694.0,5134594.0,12191291.0,1038368008.0,29716482.0,353092.0,2106663.0,3109728.0,3632122.0,9099240.0,822156.0,8706934.0,10254782.0,17994423.0,29703344.0,4404483.0,486596.0,70589.0,6099150.0,9244727.0,49962872.0,3947542.0,452903.0,1735125.0,1149435.0,604659.0,40852364.0,570733.0,4336460.0,51495116.0,843437.0,828666.0,3160002.0,70580109.0,12899616.0,9369048.0,75233.0,7562077.0,4845327.0,752283.0,475384.0,5685520.0,4431009.0,8521877.0,230919.0,771890333.0,158671313.0,51000444.0,15609551.0,3319639.0,5000049.0,49757007.0,1914505.0,110102146.0,3560672.0,11438442.0,20500063.0,58238.0,1680515.0,3564454.0,3433117.0,1910147.0,3272812.0,1254369.0,1838605.0,4049409.0,2765239.0,378534.0,10138019.0,6769924.0,17867145.0,219033.0,6787709.0,333432.0,55258.0,1747110.0,924546.0,72256106.0,64893.0,1795545.0,490313.0,21089395.0,11231334.0,33687981.0,1173911.0,9849.0,15635246.0,13330010.0,3243258.0,3468635.0,6922248.0,78220749.0,3716563.0,1695675.0,96225682.0,19781.0,2316842.0,3950238.0,3756763.0,18936324.0,54334994.0,31825876.0,8882004.0,677582.0,39112690.0,2929497.0,17964304.0,121741257.0,5095622.0,46857.0,118050.0,77600.0,108546.0,88188.0,15748714.0,6238811.0,6048284.0,62172.0,3176159.0,3530875.0,4468970.0,1721033.0,275772.0,5444082.0,33094469.0,37434049.0,14544460.0,343042.0,7458013.0,6225659.0,11139846.0,4207655.0,51491798.0,1643972.0,550690.0,3211150.0,62353.0,1013205.0,7530372.0,48483074.0,3204282.0,10000.0,13934375.0,40216794.0,3746686.0,49542445.0,21241644.0,233809381.0,2534707.0,17636862.0,126248.0,18056123.0,61112174.0,10846415.0,,6282035.0,7083353.0,4623946080.0
31,2006,13747897.0,2227292.0,24047537.0,80993.0,10690161.0,61073.0,28655797.0,2339197.0,16643119.0,6965359.0,6327114.0,238882.0,726573.0,93135254.0,220904.0,8136134.0,8744487.0,179867.0,4570942.0,431946.0,6011633.0,3121757.0,1171150.0,137683396.0,268434.0,6573959.0,7396917.0,4068673.0,297655.0,8593139.0,10184051.0,26903471.0,2318364.0,5313018.0,12409849.0,1052476237.0,30329484.0,363287.0,2180108.0,3184189.0,3645210.0,9146723.0,840829.0,8742857.0,10481089.0,18181887.0,30596712.0,4424084.0,502553.0,70718.0,6221558.0,9462754.0,51195702.0,4005274.0,475963.0,1789764.0,1144697.0,610797.0,42144145.0,576521.0,4360630.0,51864360.0,874442.0,856834.0,3157109.0,70702173.0,13309090.0,9391977.0,76314.0,7796658.0,4956656.0,772962.0,480870.0,5814130.0,4578767.0,8514177.0,237169.0,788156638.0,161620908.0,52180953.0,15922645.0,3407828.0,5102132.0,49897783.0,1941399.0,110354607.0,3708796.0,11595201.0,21134459.0,60192.0,1776581.0,3625818.0,3536868.0,1897507.0,3355017.0,1258125.0,1899027.0,4136862.0,2737008.0,385616.0,10472470.0,6952922.0,18340624.0,229488.0,6986925.0,336985.0,55767.0,1804127.0,933218.0,73761609.0,65248.0,1839147.0,491840.0,21473311.0,11503487.0,34016600.0,1204990.0,9828.0,15997699.0,13362829.0,3292713.0,3552370.0,7143869.0,80109189.0,3754413.0,1791830.0,99181186.0,19540.0,2369536.0,4052642.0,3849727.0,19219132.0,55763451.0,31965889.0,8894423.0,835156.0,39559368.0,2942823.0,17917932.0,121701582.0,5236804.0,47339.0,121168.0,78206.0,109774.0,90833.0,16417225.0,6412533.0,6047781.0,63641.0,3281407.0,3664362.0,4490088.0,1730034.0,282941.0,5591614.0,33697844.0,38007654.0,14657518.0,348814.0,7505587.0,6285222.0,11666459.0,4337206.0,52108493.0,1655224.0,564030.0,3296021.0,62883.0,1022898.0,7663372.0,49358856.0,3270358.0,10120.0,14396226.0,40085623.0,4423442.0,49999191.0,21814009.0,236264592.0,2545877.0,18083850.0,130628.0,18445730.0,62291734.0,11289182.0,,6433154.0,7145558.0,4701004414.0
32,2007,14058069.0,2235913.0,24601708.0,82684.0,11081853.0,62380.0,29046964.0,2334125.0,16786918.0,7009996.0,6468525.0,244057.0,798329.0,94956687.0,222396.0,8120953.0,8815584.0,186574.0,4711203.0,442071.0,6149620.0,3134553.0,1202919.0,140079848.0,273398.0,6531533.0,7626423.0,4239660.0,306848.0,8833252.0,10485393.0,27253268.0,2356063.0,5499113.0,12633686.0,1063509585.0,30972844.0,373737.0,2257760.0,3256252.0,3646599.0,9173681.0,860140.0,8810847.0,10727496.0,18383140.0,31558848.0,4450769.0,518382.0,70795.0,6346502.0,9681539.0,52370196.0,4059781.0,500624.0,1834682.0,1140596.0,617310.0,43512369.0,584656.0,4388693.0,52185717.0,906919.0,886512.0,3152152.0,70762748.0,13729261.0,9407041.0,77327.0,8049928.0,5078315.0,794756.0,487090.0,5943926.0,4726378.0,8513710.0,244172.0,804460898.0,164416553.0,53273518.0,16200990.0,3502756.0,5202118.0,50152130.0,1967499.0,110609805.0,3882367.0,11755849.0,21756530.0,61672.0,1889609.0,3679160.0,3644747.0,1886983.0,3406891.0,1265423.0,1972009.0,4218634.0,2719427.0,392639.0,10816727.0,7145325.0,18826271.0,239556.0,7202297.0,340342.0,56051.0,1863144.0,944447.0,75382651.0,65362.0,1878740.0,493513.0,21882446.0,11795088.0,34338312.0,1235196.0,9842.0,16343308.0,13417248.0,3332659.0,3636530.0,7385187.0,82113316.0,3800462.0,1889167.0,102234005.0,19158.0,2421656.0,4160586.0,3935640.0,19490997.0,57228488.0,32073192.0,8915241.0,1023881.0,40017179.0,2953521.0,17661703.0,121714388.0,5386740.0,47778.0,124384.0,78665.0,111046.0,93675.0,17105422.0,6590646.0,6045726.0,64272.0,3376821.0,3846484.0,4510568.0,1740518.0,290201.0,5739237.0,34278819.0,38650857.0,14773602.0,354856.0,7582115.0,6362001.0,12230443.0,4463645.0,52690030.0,1667409.0,579176.0,3384800.0,63562.0,1031556.0,7795849.0,50191030.0,3349298.0,10221.0,14884755.0,39927943.0,5231843.0,50457024.0,22428415.0,238906748.0,2560847.0,18553386.0,134553.0,18821204.0,63561704.0,11767082.0,,6597178.0,7207226.0,4775678730.0
33,2008,14352612.0,2242446.0,25136780.0,83862.0,11493858.0,63775.0,29449967.0,2327625.0,17157131.0,7056337.0,6671700.0,249223.0,870416.0,96746415.0,223885.0,8106455.0,8892250.0,193469.0,4856502.0,451812.0,6291603.0,3137945.0,1235388.0,142425295.0,278260.0,6488093.0,7868948.0,4414327.0,316143.0,9075471.0,10799683.0,27631105.0,2392714.0,5694861.0,12859273.0,1072246429.0,31630682.0,384437.0,2337485.0,3326467.0,3642726.0,9188804.0,879315.0,8899738.0,10993556.0,18592322.0,32581048.0,4485670.0,534316.0,70827.0,6473596.0,9902068.0,53512765.0,4113413.0,526286.0,1870080.0,1137495.0,624004.0,44979184.0,594113.0,4419554.0,52472888.0,941111.0,917657.0,3150425.0,70746573.0,14159106.0,9421714.0,78368.0,8317948.0,5208648.0,817530.0,493965.0,6074925.0,4875867.0,8516422.0,249729.0,820804916.0,167078620.0,54270100.0,16490505.0,3568122.0,5301594.0,50497785.0,1994046.0,110758458.0,4079862.0,11918179.0,22384120.0,62901.0,2016145.0,3726261.0,3754901.0,1870959.0,3456211.0,1275463.0,2052737.0,4293054.0,2705154.0,400709.0,11174143.0,7348430.0,19321049.0,249710.0,7429352.0,344556.0,56174.0,1924159.0,956303.0,77075444.0,65416.0,1915138.0,495539.0,22306118.0,12104353.0,34666669.0,1265077.0,9891.0,16665043.0,13503149.0,3369686.0,3720488.0,7645589.0,84221428.0,3855040.0,1993061.0,105368133.0,18704.0,2473816.0,4273298.0,4017906.0,19756234.0,58766835.0,32173150.0,8939303.0,1229220.0,40600756.0,2961439.0,17342001.0,121723625.0,5542785.0,48185.0,127652.0,79090.0,112358.0,96592.0,17810474.0,6774091.0,6040657.0,66166.0,3466945.0,4090180.0,4531134.0,1742012.0,297560.0,5892193.0,34847180.0,39211491.0,14891539.0,361085.0,7668851.0,6462933.0,12754706.0,4588152.0,53246337.0,1679721.0,595490.0,3477287.0,64274.0,1039260.0,7924767.0,51021498.0,3434705.0,10314.0,15399586.0,39740883.0,6077265.0,50903821.0,23077449.0,241679169.0,2578423.0,19042683.0,138184.0,19188691.0,64860465.0,12268587.0,,6774549.0,7271116.0,4849009647.0
34,2009,14694199.0,2249489.0,25656290.0,84463.0,11923344.0,65195.0,29852425.0,2321500.0,17539295.0,7097295.0,6866252.0,254402.0,935553.0,98540563.0,225229.0,8093583.0,8969672.0,200501.0,5007804.0,461621.0,6436272.0,3133910.0,1265707.0,144769191.0,283001.0,6444724.0,8124168.0,4588377.0,325099.0,9313621.0,11123023.0,28020802.0,2425847.0,5902534.0,13080826.0,1080157231.0,32274950.0,395394.0,2416877.0,3395859.0,3637071.0,9206483.0,897521.0,8958137.0,11277023.0,18797056.0,33653973.0,4519971.0,550454.0,70851.0,6601086.0,10125633.0,54657513.0,4168926.0,552817.0,1897333.0,1134261.0,630570.0,46562384.0,603165.0,4449913.0,52742161.0,977467.0,950105.0,3127386.0,70676185.0,14598226.0,9438323.0,79522.0,8593081.0,5345032.0,841179.0,501034.0,6207245.0,5030520.0,8520210.0,251468.0,837293046.0,169628553.0,55182074.0,16847983.0,3597836.0,5436630.0,50748501.0,2022019.0,110838456.0,4299797.0,12240289.0,23050075.0,64230.0,2153030.0,3776163.0,3864669.0,1841485.0,3538588.0,1286991.0,2135469.0,4358907.0,2686815.0,409114.0,11549820.0,7566059.0,19821311.0,260744.0,7663452.0,348997.0,56250.0,1987394.0,966874.0,78771260.0,65658.0,1950228.0,497911.0,22722786.0,12429196.0,35016135.0,1295346.0,9939.0,16955390.0,13605829.0,3412068.0,3803040.0,7925632.0,86420662.0,3911707.0,2114112.0,108560384.0,18285.0,2526981.0,4390175.0,4101852.0,20021307.0,60377946.0,32273986.0,8965198.0,1431582.0,41094636.0,2968293.0,17168722.0,121681111.0,5703741.0,48599.0,130799.0,79612.0,113612.0,99424.0,18532741.0,6964395.0,6034981.0,66923.0,3558069.0,4253189.0,4550545.0,1755932.0,305052.0,6058370.0,35423535.0,39518170.0,15007317.0,367355.0,7755523.0,6562189.0,13153013.0,4713838.0,53783825.0,1690814.0,611995.0,3573615.0,64814.0,1046273.0,8045310.0,51905380.0,3515456.0,10424.0,15940390.0,39563812.0,6836014.0,51333851.0,23750725.0,244315094.0,2596421.0,19534467.0,141904.0,19558103.0,66084665.0,12774461.0,,6965731.0,7339849.0,4921496668.0
35,2010,15124471.0,2258900.0,26161805.0,84449.0,12369091.0,66602.0,30168788.0,2317373.0,17838593.0,7132590.0,6986745.0,259520.0,988822.0,100370565.0,226430.0,8076893.0,9056112.0,207626.0,5165751.0,471814.0,6582880.0,3122340.0,1292246.0,147130934.0,287757.0,6397465.0,8391962.0,4759408.0,333459.0,9542438.0,11454005.0,28397967.0,2454130.0,6123455.0,13294827.0,1088089818.0,32891138.0,406614.0,2494376.0,3464727.0,3632101.0,9234248.0,914160.0,8982700.0,11576251.0,18991385.0,34773702.0,4551889.0,566597.0,70878.0,6727410.0,10352076.0,55817348.0,4227254.0,580315.0,1918642.0,1129981.0,636899.0,48261739.0,610467.0,4477187.0,53011826.0,1016173.0,983652.0,3106794.0,70681123.0,15044583.0,9447028.0,80771.0,8871006.0,5485945.0,865663.0,507993.0,6340961.0,5191677.0,8514030.0,251897.0,853995935.0,172118002.0,56026860.0,17307938.0,3612291.0,5545143.0,50931873.0,2051244.0,110966531.0,4540090.0,12395648.0,23771983.0,65769.0,2297257.0,3819145.0,3972472.0,1802026.0,3674357.0,1299378.0,2216739.0,4415648.0,2639956.0,417506.0,11945976.0,7800293.0,20320754.0,273234.0,7902592.0,352368.0,56366.0,2052954.0,976001.0,80426768.0,66186.0,1984930.0,500228.0,23121077.0,12770079.0,35397229.0,1326111.0,10005.0,17210385.0,13704004.0,3458916.0,3883575.0,8226062.0,88705976.0,3969507.0,2260119.0,111790546.0,17955.0,2581546.0,4510418.0,4190209.0,20291758.0,62026175.0,32253713.0,8990604.0,1617099.0,41575106.0,2973726.0,17052826.0,121525910.0,5869061.0,49016.0,133670.0,80289.0,114714.0,102078.0,19276340.0,7162269.0,6027458.0,69292.0,3654479.0,4366301.0,4564647.0,1761975.0,312749.0,6241800.0,36020020.0,39686574.0,15119657.0,373550.0,7829992.0,6646607.0,13375008.0,4841824.0,54304493.0,1699964.0,628401.0,3674035.0,65087.0,1052923.0,8153706.0,52869656.0,3585601.0,10530.0,16508346.0,39391009.0,7425126.0,51785085.0,24445744.0,246827366.0,2613436.0,20240648.0,145942.0,19934269.0,67183390.0,13273958.0,,7171835.0,7414225.0,4993746459.0
36,2011,15750928.0,2281412.0,26589391.0,83747.0,12801943.0,67799.0,30606837.0,2317344.0,18087408.0,7173006.0,7099504.0,264585.0,1017976.0,102372408.0,227901.0,8045883.0,9170730.0,215056.0,5322210.0,482855.0,6732941.0,3085227.0,1312352.0,149489205.0,293423.0,6344330.0,8654949.0,4911664.0,341322.0,9754265.0,11782252.0,28702437.0,2455732.0,6344512.0,13488964.0,1095333603.0,33499451.0,417742.0,2555667.0,3528515.0,3620416.0,9270853.0,926688.0,8986916.0,11897233.0,19199481.0,35871872.0,4578427.0,580026.0,70916.0,6849635.0,10574690.0,57008689.0,4286444.0,608312.0,1922573.0,1123785.0,643047.0,50112169.0,612704.0,4499896.0,53262320.0,1059414.0,1015667.0,3076716.0,69430398.0,15465191.0,9433561.0,81361.0,9166707.0,5627938.0,889563.0,514948.0,6474511.0,5354024.0,8504038.0,252838.0,870245430.0,175198787.0,56863212.0,18047100.0,3614564.0,5636773.0,51027708.0,2077994.0,110823509.0,4803198.0,12515729.0,24525795.0,66813.0,2441096.0,3857173.0,4075366.0,1767519.0,3854711.0,1309486.0,2291263.0,4450528.0,2584679.0,428148.0,12349443.0,8042457.0,20829624.0,288097.0,8111119.0,354703.0,56531.0,2119016.0,985547.0,82054738.0,67132.0,2015540.0,501506.0,23529335.0,13123195.0,35888718.0,1351549.0,10057.0,17356121.0,13799455.0,3485375.0,3964582.0,8527154.0,90969107.0,4027931.0,2457031.0,114919908.0,17745.0,2635327.0,4626440.0,4277799.0,20573983.0,63428995.0,32292958.0,8995082.0,1769481.0,42138609.0,2981080.0,16959080.0,121278055.0,6029859.0,49447.0,136193.0,80671.0,115949.0,104430.0,20152016.0,7358386.0,5999645.0,67487.0,3747137.0,4470735.0,4574334.0,1761561.0,321476.0,6419260.0,36602638.0,39757018.0,15247152.0,379682.0,7888814.0,6728881.0,13319955.0,4956310.0,54698623.0,1709349.0,647513.0,3776285.0,65046.0,1059855.0,8241977.0,53881114.0,3657435.0,10633.0,17096231.0,39142838.0,7745753.0,52156444.0,25172548.0,249185698.0,2630586.0,20863950.0,149403.0,20338685.0,68143966.0,13763999.0,,7414481.0,7506776.0,5062855853.0
37,2012,16487559.0,2302901.0,27040291.0,82427.0,13257987.0,69018.0,31027912.0,2321542.0,18417319.0,7218889.0,7199820.0,269627.0,1034688.0,104383923.0,229246.0,8015328.0,9225632.0,222445.0,5486956.0,494333.0,6883410.0,3043240.0,1328248.0,151818115.0,298833.0,6297558.0,8934920.0,5062688.0,348436.0,9977433.0,12122236.0,29056942.0,2452362.0,6580927.0,13677397.0,1102576871.0,34063510.0,429209.0,2615908.0,3592244.0,3617513.0,9312355.0,937593.0,8983945.0,12233038.0,19387405.0,37032969.0,4609224.0,593441.0,70965.0,6969345.0,10797873.0,58156125.0,4350160.0,637899.0,,1117299.0,650110.0,52056654.0,613069.0,4522922.0,53521347.0,1105302.0,1049263.0,3048135.0,69627207.0,15891519.0,9392653.0,82134.0,9458803.0,5775690.0,914787.0,522018.0,6609367.0,5522277.0,8471478.0,254496.0,886949291.0,178203098.0,57640539.0,18889171.0,3618651.0,5731097.0,51193647.0,2104946.0,110727749.0,5088829.0,12618368.0,25345229.0,68189.0,2594075.0,3905449.0,4178317.0,1742494.0,4088092.0,1321583.0,2363956.0,4476805.0,2552361.0,439871.0,12774982.0,8309256.0,21307763.0,304620.0,8330453.0,358763.0,56717.0,2187560.0,994876.0,83616695.0,68493.0,2046605.0,502892.0,23915701.0,13492841.0,36403035.0,1378654.0,10279.0,17476148.0,13873766.0,3508639.0,4044294.0,8853501.0,93334826.0,4090611.0,2680218.0,118085239.0,17640.0,2690464.0,4746164.0,4371428.0,20880048.0,64850317.0,32341475.0,8977720.0,1908396.0,42610545.0,2987776.0,16896046.0,120944472.0,6200283.0,49887.0,138350.0,81214.0,117050.0,106550.0,21038339.0,7564843.0,5988863.0,68147.0,3845562.0,4594483.0,4585414.0,1762505.0,330457.0,6617717.0,37233460.0,39768712.0,15287676.0,385651.0,7936313.0,6807852.0,13077451.0,5075823.0,55115457.0,1716056.0,665977.0,3883874.0,64695.0,1066804.0,8315865.0,54961920.0,3714565.0,10739.0,17716839.0,38955545.0,7899984.0,52519296.0,25936492.0,251654398.0,2646360.0,21247502.0,153569.0,20751269.0,69029108.0,14248820.0,,7672607.0,7606856.0,5132133634.0
38,2013,17300801.0,2320235.0,27492607.0,80774.0,13734920.0,70230.0,31436981.0,2327772.0,18752160.0,7271093.0,7286026.0,274661.0,1045289.0,106410153.0,230534.0,7987966.0,9267396.0,229864.0,5659369.0,506010.0,7035171.0,2998252.0,1342541.0,154122962.0,304119.0,6252560.0,9229819.0,5214317.0,354970.0,10201259.0,12475046.0,29411002.0,2448847.0,6830546.0,13865160.0,1109792674.0,34617103.0,440963.0,2676767.0,3655049.0,3619719.0,9356353.0,947093.0,8969054.0,12584810.0,19562544.0,38256799.0,4644399.0,606857.0,71016.0,7086777.0,11024670.0,59284830.0,4415024.0,668200.0,,1110955.0,657657.0,54083075.0,611932.0,4544718.0,53809877.0,1151914.0,1084236.0,3031778.0,69894682.0,16324149.0,9340478.0,82946.0,9751749.0,5932222.0,941034.0,528996.0,6745283.0,5694818.0,8456143.0,257282.0,903924776.0,181205263.0,58369532.0,19793058.0,3628378.0,5829446.0,51836483.0,2131391.0,110665703.0,5382467.0,12706724.0,26216858.0,69700.0,2748618.0,3961906.0,4280192.0,1719705.0,4338765.0,1335983.0,2436617.0,4500083.0,2527556.0,451538.0,13219347.0,8594967.0,21767441.0,322239.0,8562570.0,364576.0,56938.0,2258448.0,1002667.0,85133781.0,70104.0,2077029.0,504460.0,24287147.0,13884335.0,36936755.0,1406541.0,10821.0,17601498.0,13933986.0,3542286.0,4122682.0,9203286.0,95816505.0,4150752.0,2913286.0,121283369.0,17606.0,2746958.0,4869466.0,4468144.0,21206515.0,66269811.0,32375907.0,8947486.0,2028999.0,43049987.0,2992035.0,16858359.0,120546990.0,6379527.0,50331.0,140249.0,81883.0,117856.0,108561.0,21913960.0,7780876.0,5976677.0,69353.0,3948929.0,4685017.0,4591994.0,1762843.0,339709.0,6833149.0,37887841.0,39655830.0,15428078.0,391495.0,7983538.0,6891441.0,12726051.0,5195917.0,55543488.0,1720765.0,684388.0,3996726.0,64266.0,1073658.0,8381203.0,56093633.0,3762690.0,10857.0,18380140.0,38776752.0,7935037.0,52883992.0,26738964.0,254056528.0,2661351.0,21642292.0,157852.0,21125242.0,69839037.0,14730664.0,,7946499.0,7712313.0,5204414300.0
39,2014,18140167.0,2333810.0,27922186.0,79213.0,14231413.0,71372.0,31845046.0,2333774.0,19042716.0,7334984.0,7365212.0,279608.0,1059842.0,108453758.0,231835.0,7964314.0,9306113.0,237405.0,5838628.0,517517.0,7189670.0,2951765.0,1359052.0,156396756.0,309471.0,6205808.0,9537383.0,5370686.0,361283.0,10415430.0,12843535.0,29745636.0,2450806.0,7090947.0,14061720.0,1116868342.0,35208687.0,453014.0,2740500.0,3715796.0,3615714.0,9398663.0,955940.0,8957750.0,12954189.0,19737223.0,39547700.0,4682245.0,620563.0,71085.0,7202688.0,11258416.0,60440944.0,4475964.0,698865.0,,1105463.0,665122.0,56172754.0,610334.0,4564415.0,54097191.0,1197208.0,1120371.0,3024332.0,70250619.0,16764217.0,9293882.0,83627.0,10052653.0,6100904.0,968077.0,535799.0,6881902.0,5868099.0,8438444.0,260528.0,920845174.0,184285164.0,59067379.0,20705855.0,3646553.0,5933798.0,52375821.0,2156484.0,110626417.0,5667270.0,12785716.0,27117617.0,71051.0,2893734.0,4018870.0,4379303.0,1698607.0,4565932.0,1352753.0,2511419.0,4527760.0,2505828.0,463764.0,13676331.0,8891473.0,22221597.0,340321.0,8810483.0,372441.0,57179.0,2331678.0,1010109.0,86647995.0,71711.0,2105856.0,505960.0,24661612.0,14305299.0,37481706.0,1433959.0,11853.0,17768558.0,14007718.0,3603079.0,4200059.0,9574908.0,98435474.0,4207030.0,3135931.0,124509258.0,17626.0,2804670.0,4995631.0,4562882.0,21549516.0,67696622.0,32379838.0,8917695.0,2131953.0,43548964.0,2993307.0,16814063.0,120147217.0,6564608.0,50774.0,142008.0,82581.0,118273.0,110668.0,22750977.0,8005949.0,5964072.0,70315.0,4055908.0,4763432.0,4595461.0,1762288.0,349311.0,7058272.0,38535632.0,39552625.0,15598332.0,397304.0,8039975.0,6977884.0,12359181.0,5312282.0,55963417.0,1724880.0,703604.0,4114628.0,64016.0,1080392.0,8447357.0,57253243.0,3812955.0,10972.0,19099525.0,38484541.0,7930816.0,53285244.0,27585257.0,256567742.0,2676610.0,22040266.0,161733.0,21401423.0,70600526.0,15217891.0,,8237459.0,7822008.0,5277185538.0
40,2015,18969797.0,2342912.0,28323095.0,78011.0,14748336.0,72444.0,32257895.0,2338101.0,19317787.0,7422352.0,7442161.0,284433.0,1085824.0,110507459.0,233160.0,7946267.0,9357114.0,245064.0,6024370.0,528592.0,7347399.0,2906673.0,1380234.0,158627517.0,314961.0,6153424.0,9856899.0,5535115.0,367633.0,10616324.0,13229591.0,29993484.0,2462041.0,7360755.0,14273589.0,1123662189.0,35864005.0,465351.0,2809018.0,3774033.0,3592359.0,9436389.0,964830.0,8952108.0,13340801.0,19915698.0,40909726.0,4726205.0,634696.0,71183.0,7317633.0,11501000.0,61646719.0,4530576.0,730030.0,,1103226.0,672378.0,58308060.0,609362.0,4581181.0,54371877.0,1240036.0,1157574.0,3018727.0,70890142.0,17213115.0,9245379.0,84127.0,10363901.0,6283790.0,995808.0,542326.0,7018988.0,6039837.0,8420846.0,263617.0,937529334.0,187454539.0,59747917.0,21588581.0,3673512.0,6045313.0,52401157.0,2179860.0,110626169.0,5932764.0,12859192.0,28036000.0,72098.0,3022278.0,4080482.0,4475311.0,1679033.0,4746789.0,1371254.0,2589804.0,4565481.0,2480947.0,476315.0,14142195.0,9195178.0,22676100.0,358393.0,9077222.0,381732.0,57439.0,2407249.0,1017656.0,88181548.0,73179.0,2133033.0,507069.0,25049049.0,14759483.0,38026323.0,1460584.0,12475.0,18004596.0,14101535.0,3677900.0,4276834.0,9967772.0,101200579.0,4256613.0,3335626.0,127759564.0,17665.0,2863595.0,5124375.0,4653034.0,21914034.0,69149069.0,32347597.0,8898959.0,2221036.0,43984210.0,2992846.0,16738901.0,119777904.0,6754199.0,51203.0,143722.0,83259.0,118382.0,112997.0,23527263.0,8240658.0,5948470.0,71741.0,4165883.0,4835814.0,4596248.0,1760812.0,359277.0,7289218.0,39163075.0,39521614.0,15775173.0,403112.0,8104485.0,7057154.0,12048265.0,5424149.0,56363615.0,1729179.0,723936.0,4237463.0,64090.0,1086963.0,8520239.0,58426046.0,3870984.0,11099.0,19882005.0,38261746.0,7950913.0,53694941.0,28479078.0,259083978.0,2692579.0,22424142.0,165194.0,21544486.0,71333704.0,15715408.0,,8545555.0,7936180.0,5349933636.0
41,2016,19718269.0,2347367.0,28736975.0,77297.0,15271128.0,73346.0,32658141.0,2341276.0,19606172.0,7498625.0,7500114.0,289673.0,1135073.0,112549384.0,234490.0,7932437.0,9403188.0,252267.0,6211628.0,539694.0,7503459.0,2880996.0,1410132.0,160705087.0,319537.0,6107376.0,10183226.0,5709484.0,374044.0,10817362.0,13622933.0,30368788.0,2497791.0,7624685.0,14512740.0,1130579526.0,36588212.0,477541.0,2885212.0,3828808.0,3571928.0,9456489.0,972744.0,8959594.0,13726374.0,20068669.0,42273480.0,4777317.0,647289.0,71307.0,7430894.0,11757023.0,62669924.0,4585855.0,760116.0,,1103544.0,683477.0,60379310.0,612902.0,4597708.0,54660849.0,1273220.0,1193774.0,3009940.0,71383697.0,17652341.0,9229051.0,84644.0,10669560.0,6497892.0,1023147.0,547968.0,7154102.0,6211392.0,8403648.0,267867.0,954541844.0,190325992.0,60442516.0,22295417.0,3720796.0,6159242.0,52379330.0,2199909.0,110593983.0,6164334.0,12934943.0,28988590.0,73240.0,3114172.0,4138999.0,4572634.0,1661127.0,4899562.0,1385580.0,2669364.0,4627307.0,2448268.0,487498.0,14614338.0,9517356.0,23100663.0,376864.0,9368160.0,390660.0,57735.0,2481073.0,1024655.0,89657333.0,74582.0,2156769.0,508215.0,25416299.0,15246952.0,38548055.0,1488586.0,13049.0,18449610.0,14207299.0,3763484.0,4355773.0,10361709.0,103940563.0,4302680.0,3498711.0,130935947.0,17725.0,2922774.0,5255576.0,4742799.0,22545068.0,70572708.0,32356145.0,8892605.0,2296063.0,44328597.0,2991263.0,16663446.0,119384292.0,6963503.0,51625.0,145228.0,83892.0,119340.0,115573.0,24161707.0,8489707.0,5930598.0,72598.0,4277346.0,4918190.0,4602002.0,1759850.0,369014.0,7526411.0,39784678.0,39620088.0,15988172.0,408521.0,8197626.0,7131358.0,11805105.0,5533485.0,56800884.0,1731634.0,745387.0,4362945.0,64593.0,1093485.0,8591178.0,59607457.0,3916761.0,11225.0,20745773.0,38058327.0,8014355.0,54057502.0,29439174.0,261612374.0,2707058.0,22806743.0,170071.0,21424437.0,72067201.0,16201981.0,,8862750.0,8044312.0,5422586571.0
